id_asistencia,id_alumno,id_grupo,fecha_clase,presente
1,A0001,G1,2025-03-15,si
2,A0001,G1,2025-03-15,si
3,A0001,G1,2025-03-22,si
4,A0001,G1,2025-03-22,si
5,A0001,G1,2025-03-29,si
6,A0001,G1,2025-03-29,si
7,A0001,G1,2025-04-05,si
8,A0001,G1,2025-04-05,no
9,A0001,G1,2025-04-12,si
10,A0001,G1,2025-04-12,si
11,A0001,G1,2025-04-19,si
12,A0001,G1,2025-04-19,si
13,A0001,G1,2025-04-26,si
14,A0001,G1,2025-04-26,si
15,A0001,G1,2025-05-03,no
16,A0001,G1,2025-05-03,si
17,A0001,G1,2025-05-10,si
18,A0001,G1,2025-05-10,si
19,A0001,G1,2025-05-17,si
20,A0001,G1,2025-05-17,si
21,A0001,G1,2025-05-24,si
22,A0001,G1,2025-05-24,no
23,A0001,G1,2025-05-31,si
24,A0001,G1,2025-05-31,no
25,A0001,G1,2025-06-07,no
26,A0001,G1,2025-06-07,no
27,A0001,G1,2025-06-14,no
28,A0001,G1,2025-06-14,si
29,A0001,G1,2025-06-21,no
30,A0001,G1,2025-06-21,si
31,A0002,G1,2024-04-17,no
32,A0002,G1,2024-04-17,si
33,A0002,G1,2024-04-24,si
34,A0002,G1,2024-04-24,si
35,A0002,G1,2024-05-01,no
36,A0002,G1,2024-05-01,no
37,A0002,G1,2024-05-08,no
38,A0002,G1,2024-05-08,no
39,A0002,G1,2024-05-15,si
40,A0002,G1,2024-05-15,si
41,A0003,G6,2025-02-23,si
42,A0003,G6,2025-03-02,si
43,A0003,G6,2025-03-09,si
44,A0003,G6,2025-03-16,si
45,A0003,G6,2025-03-23,si
46,A0003,G6,2025-03-30,si
47,A0003,G6,2025-04-06,si
48,A0003,G6,2025-04-13,si
49,A0003,G6,2025-04-20,si
50,A0003,G6,2025-04-27,si
51,A0003,G6,2025-05-04,si
52,A0003,G6,2025-05-11,si
53,A0003,G6,2025-05-18,si
54,A0003,G6,2025-05-25,si
55,A0003,G6,2025-06-01,no
56,A0003,G6,2025-06-08,si
57,A0003,G6,2025-06-15,si
58,A0003,G6,2025-06-22,si
59,A0003,G6,2025-06-29,si
60,A0003,G6,2025-07-06,si
61,A0003,G6,2025-07-13,si
62,A0003,G6,2025-07-20,si
63,A0003,G6,2025-07-27,si
64,A0003,G6,2025-08-03,no
65,A0003,G6,2025-08-10,si
66,A0003,G6,2025-08-17,si
67,A0004,G5,2024-07-21,si
68,A0004,G5,2024-07-21,si
69,A0004,G5,2024-07-28,si
70,A0004,G5,2024-07-28,si
71,A0004,G5,2024-08-04,si
72,A0004,G5,2024-08-04,no
73,A0004,G5,2024-08-11,si
74,A0004,G5,2024-08-11,si
75,A0004,G5,2024-08-18,si
76,A0004,G5,2024-08-18,si
77,A0004,G5,2024-08-25,si
78,A0004,G5,2024-08-25,si
79,A0004,G5,2024-09-01,si
80,A0004,G5,2024-09-01,si
81,A0004,G5,2024-09-08,si
82,A0004,G5,2024-09-08,no
83,A0004,G5,2024-09-15,si
84,A0004,G5,2024-09-15,si
85,A0004,G5,2024-09-22,si
86,A0004,G5,2024-09-22,si
87,A0004,G5,2024-09-29,si
88,A0004,G5,2024-09-29,si
89,A0004,G5,2024-10-06,si
90,A0004,G5,2024-10-06,no
91,A0004,G5,2024-10-13,si
92,A0004,G5,2024-10-13,no
93,A0004,G5,2024-10-20,si
94,A0004,G5,2024-10-20,si
95,A0004,G5,2024-10-27,si
96,A0004,G5,2024-10-27,si
97,A0004,G5,2024-11-03,si
98,A0004,G5,2024-11-03,si
99,A0004,G5,2024-11-10,si
100,A0004,G5,2024-11-10,no
101,A0004,G5,2024-11-17,si
102,A0004,G5,2024-11-17,si
103,A0004,G5,2024-11-24,si
104,A0004,G5,2024-11-24,si
105,A0004,G5,2024-12-01,si
106,A0004,G5,2024-12-01,si
107,A0004,G5,2024-12-08,si
108,A0004,G5,2024-12-08,si
109,A0004,G5,2024-12-15,no
110,A0004,G5,2024-12-15,si
111,A0004,G5,2024-12-22,si
112,A0004,G5,2024-12-22,si
113,A0004,G5,2024-12-29,si
114,A0004,G5,2024-12-29,si
115,A0004,G5,2025-01-05,no
116,A0004,G5,2025-01-05,si
117,A0004,G5,2025-01-12,si
118,A0004,G5,2025-01-12,si
119,A0004,G5,2025-01-19,si
120,A0004,G5,2025-01-19,si
121,A0004,G5,2025-01-26,si
122,A0004,G5,2025-01-26,si
123,A0004,G5,2025-02-02,si
124,A0004,G5,2025-02-02,si
125,A0004,G5,2025-02-09,si
126,A0004,G5,2025-02-09,si
127,A0004,G5,2025-02-16,si
128,A0004,G5,2025-02-16,si
129,A0004,G5,2025-02-23,si
130,A0004,G5,2025-02-23,no
131,A0004,G5,2025-03-02,si
132,A0004,G5,2025-03-02,si
133,A0004,G5,2025-03-09,si
134,A0004,G5,2025-03-09,si
135,A0004,G5,2025-03-16,si
136,A0004,G5,2025-03-16,si
137,A0004,G5,2025-03-23,si
138,A0004,G5,2025-03-23,si
139,A0004,G5,2025-03-30,si
140,A0004,G5,2025-03-30,si
141,A0004,G5,2025-04-06,si
142,A0004,G5,2025-04-06,si
143,A0004,G5,2025-04-13,si
144,A0004,G5,2025-04-13,si
145,A0004,G5,2025-04-20,si
146,A0004,G5,2025-04-20,si
147,A0004,G5,2025-04-27,no
148,A0004,G5,2025-04-27,si
149,A0004,G5,2025-05-04,si
150,A0004,G5,2025-05-04,si
151,A0004,G5,2025-05-11,si
152,A0004,G5,2025-05-11,si
153,A0004,G5,2025-05-18,si
154,A0004,G5,2025-05-18,si
155,A0004,G5,2025-05-25,si
156,A0004,G5,2025-05-25,no
157,A0004,G5,2025-06-01,si
158,A0004,G5,2025-06-01,si
159,A0004,G5,2025-06-08,si
160,A0004,G5,2025-06-08,si
161,A0004,G5,2025-06-15,si
162,A0004,G5,2025-06-15,no
163,A0004,G5,2025-06-22,si
164,A0004,G5,2025-06-22,si
165,A0004,G5,2025-06-29,si
166,A0004,G5,2025-06-29,si
167,A0004,G5,2025-07-06,si
168,A0004,G5,2025-07-06,si
169,A0004,G5,2025-07-13,si
170,A0004,G5,2025-07-13,si
171,A0004,G5,2025-07-20,si
172,A0004,G5,2025-07-20,si
173,A0004,G5,2025-07-27,no
174,A0004,G5,2025-07-27,si
175,A0004,G5,2025-08-03,si
176,A0004,G5,2025-08-03,no
177,A0004,G5,2025-08-10,si
178,A0004,G5,2025-08-10,si
179,A0004,G5,2025-08-17,si
180,A0004,G5,2025-08-17,si
181,A0005,G2,2025-02-21,si
182,A0005,G2,2025-02-21,si
183,A0005,G2,2025-02-28,si
184,A0005,G2,2025-02-28,si
185,A0005,G2,2025-03-07,si
186,A0005,G2,2025-03-07,si
187,A0005,G2,2025-03-14,si
188,A0005,G2,2025-03-14,si
189,A0005,G2,2025-03-21,si
190,A0005,G2,2025-03-21,si
191,A0005,G2,2025-03-28,si
192,A0005,G2,2025-03-28,no
193,A0005,G2,2025-04-04,si
194,A0005,G2,2025-04-04,si
195,A0005,G2,2025-04-11,no
196,A0005,G2,2025-04-11,si
197,A0005,G2,2025-04-18,si
198,A0005,G2,2025-04-18,si
199,A0005,G2,2025-04-25,si
200,A0005,G2,2025-04-25,si
201,A0005,G2,2025-05-02,si
202,A0005,G2,2025-05-02,si
203,A0005,G2,2025-05-09,si
204,A0005,G2,2025-05-09,si
205,A0005,G2,2025-05-16,si
206,A0005,G2,2025-05-16,no
207,A0005,G2,2025-05-23,si
208,A0005,G2,2025-05-23,si
209,A0005,G2,2025-05-30,si
210,A0005,G2,2025-05-30,si
211,A0005,G2,2025-06-06,si
212,A0005,G2,2025-06-06,si
213,A0005,G2,2025-06-13,si
214,A0005,G2,2025-06-13,si
215,A0005,G2,2025-06-20,si
216,A0005,G2,2025-06-20,si
217,A0005,G2,2025-06-27,si
218,A0005,G2,2025-06-27,no
219,A0005,G2,2025-07-04,si
220,A0005,G2,2025-07-04,si
221,A0005,G2,2025-07-11,no
222,A0005,G2,2025-07-11,si
223,A0005,G2,2025-07-18,si
224,A0005,G2,2025-07-18,si
225,A0005,G2,2025-07-25,si
226,A0005,G2,2025-07-25,si
227,A0005,G2,2025-08-01,si
228,A0005,G2,2025-08-01,si
229,A0005,G2,2025-08-08,si
230,A0005,G2,2025-08-08,si
231,A0005,G2,2025-08-15,si
232,A0005,G2,2025-08-15,si
233,A0006,G2,2025-07-04,si
234,A0006,G2,2025-07-04,si
235,A0006,G2,2025-07-11,no
236,A0006,G2,2025-07-11,si
237,A0006,G2,2025-07-18,si
238,A0006,G2,2025-07-18,si
239,A0006,G2,2025-07-25,si
240,A0006,G2,2025-07-25,si
241,A0006,G2,2025-08-01,si
242,A0006,G2,2025-08-01,si
243,A0006,G2,2025-08-08,si
244,A0006,G2,2025-08-08,no
245,A0006,G2,2025-08-15,si
246,A0006,G2,2025-08-15,si
247,A0007,G4,2024-04-19,si
248,A0007,G4,2024-04-19,si
249,A0007,G4,2024-04-26,si
250,A0007,G4,2024-04-26,no
251,A0007,G4,2024-05-03,no
252,A0007,G4,2024-05-03,no
253,A0007,G4,2024-05-10,si
254,A0007,G4,2024-05-10,si
255,A0007,G4,2024-05-17,no
256,A0007,G4,2024-05-17,si
257,A0007,G4,2024-05-24,si
258,A0007,G4,2024-05-24,si
259,A0007,G4,2024-05-31,no
260,A0007,G4,2024-05-31,si
261,A0007,G4,2024-06-07,no
262,A0007,G4,2024-06-07,si
263,A0007,G4,2024-06-14,si
264,A0007,G4,2024-06-14,si
265,A0007,G4,2024-06-21,no
266,A0007,G4,2024-06-21,si
267,A0007,G4,2024-06-28,no
268,A0007,G4,2024-06-28,si
269,A0007,G4,2024-07-05,si
270,A0007,G4,2024-07-05,si
271,A0007,G4,2024-07-12,si
272,A0007,G4,2024-07-12,no
273,A0007,G4,2024-07-19,si
274,A0007,G4,2024-07-19,si
275,A0007,G4,2024-07-26,no
276,A0007,G4,2024-07-26,no
277,A0007,G4,2024-08-02,si
278,A0007,G4,2024-08-02,si
279,A0007,G4,2024-08-09,si
280,A0007,G4,2024-08-09,si
281,A0007,G4,2024-08-16,si
282,A0007,G4,2024-08-16,si
283,A0007,G4,2024-08-23,si
284,A0007,G4,2024-08-23,si
285,A0007,G4,2024-08-30,si
286,A0007,G4,2024-08-30,no
287,A0007,G4,2024-09-06,si
288,A0007,G4,2024-09-06,no
289,A0007,G4,2024-09-13,si
290,A0007,G4,2024-09-13,si
291,A0007,G4,2024-09-20,si
292,A0007,G4,2024-09-20,si
293,A0007,G4,2024-09-27,si
294,A0007,G4,2024-09-27,si
295,A0007,G4,2024-10-04,si
296,A0007,G4,2024-10-04,si
297,A0007,G4,2024-10-11,no
298,A0007,G4,2024-10-11,si
299,A0007,G4,2024-10-18,si
300,A0007,G4,2024-10-18,si
301,A0007,G4,2024-10-25,si
302,A0007,G4,2024-10-25,si
303,A0007,G4,2024-11-01,si
304,A0007,G4,2024-11-01,si
305,A0007,G4,2024-11-08,si
306,A0007,G4,2024-11-08,si
307,A0007,G4,2024-11-15,si
308,A0007,G4,2024-11-15,si
309,A0007,G4,2024-11-22,si
310,A0007,G4,2024-11-22,si
311,A0007,G4,2024-11-29,si
312,A0007,G4,2024-11-29,si
313,A0007,G4,2024-12-06,no
314,A0007,G4,2024-12-06,si
315,A0007,G4,2024-12-13,no
316,A0007,G4,2024-12-13,no
317,A0007,G4,2024-12-20,no
318,A0007,G4,2024-12-20,si
319,A0007,G4,2024-12-27,no
320,A0007,G4,2024-12-27,no
321,A0008,G4,2024-04-10,si
322,A0008,G4,2024-04-10,no
323,A0008,G4,2024-04-17,si
324,A0008,G4,2024-04-17,si
325,A0008,G4,2024-04-24,si
326,A0008,G4,2024-04-24,si
327,A0008,G4,2024-05-01,no
328,A0008,G4,2024-05-01,no
329,A0008,G4,2024-05-08,si
330,A0008,G4,2024-05-08,no
331,A0008,G4,2024-05-15,si
332,A0008,G4,2024-05-15,si
333,A0008,G4,2024-05-22,si
334,A0008,G4,2024-05-22,no
335,A0008,G4,2024-05-29,no
336,A0008,G4,2024-05-29,si
337,A0008,G4,2024-06-05,si
338,A0008,G4,2024-06-05,si
339,A0008,G4,2024-06-12,si
340,A0008,G4,2024-06-12,si
341,A0008,G4,2024-06-19,si
342,A0008,G4,2024-06-19,si
343,A0008,G4,2024-06-26,si
344,A0008,G4,2024-06-26,si
345,A0008,G4,2024-07-03,no
346,A0008,G4,2024-07-03,si
347,A0008,G4,2024-07-10,no
348,A0008,G4,2024-07-10,no
349,A0008,G4,2024-07-17,si
350,A0008,G4,2024-07-17,si
351,A0008,G4,2024-07-24,no
352,A0008,G4,2024-07-24,si
353,A0008,G4,2024-07-31,si
354,A0008,G4,2024-07-31,si
355,A0008,G4,2024-08-07,si
356,A0008,G4,2024-08-07,si
357,A0008,G4,2024-08-14,si
358,A0008,G4,2024-08-14,si
359,A0008,G4,2024-08-21,si
360,A0008,G4,2024-08-21,si
361,A0008,G4,2024-08-28,si
362,A0008,G4,2024-08-28,si
363,A0008,G4,2024-09-04,si
364,A0008,G4,2024-09-04,si
365,A0008,G4,2024-09-11,si
366,A0008,G4,2024-09-11,si
367,A0008,G4,2024-09-18,si
368,A0008,G4,2024-09-18,si
369,A0008,G4,2024-09-25,no
370,A0008,G4,2024-09-25,si
371,A0008,G4,2024-10-02,si
372,A0008,G4,2024-10-02,si
373,A0008,G4,2024-10-09,si
374,A0008,G4,2024-10-09,no
375,A0008,G4,2024-10-16,si
376,A0008,G4,2024-10-16,si
377,A0008,G4,2024-10-23,si
378,A0008,G4,2024-10-23,si
379,A0008,G4,2024-10-30,no
380,A0008,G4,2024-10-30,no
381,A0008,G4,2024-11-06,no
382,A0008,G4,2024-11-06,si
383,A0008,G4,2024-11-13,no
384,A0008,G4,2024-11-13,si
385,A0008,G4,2024-11-20,si
386,A0008,G4,2024-11-20,si
387,A0008,G4,2024-11-27,si
388,A0008,G4,2024-11-27,si
389,A0008,G4,2024-12-04,si
390,A0008,G4,2024-12-04,si
391,A0008,G4,2024-12-11,si
392,A0008,G4,2024-12-11,si
393,A0008,G4,2024-12-18,si
394,A0008,G4,2024-12-18,si
395,A0008,G4,2024-12-25,si
396,A0008,G4,2024-12-25,si
397,A0008,G4,2025-01-01,si
398,A0008,G4,2025-01-01,si
399,A0008,G4,2025-01-08,si
400,A0008,G4,2025-01-08,si
401,A0008,G4,2025-01-15,si
402,A0008,G4,2025-01-15,si
403,A0008,G4,2025-01-22,si
404,A0008,G4,2025-01-22,si
405,A0008,G4,2025-01-29,si
406,A0008,G4,2025-01-29,si
407,A0008,G4,2025-02-05,no
408,A0008,G4,2025-02-05,si
409,A0008,G4,2025-02-12,no
410,A0008,G4,2025-02-12,no
411,A0008,G4,2025-02-19,no
412,A0008,G4,2025-02-19,no
413,A0008,G4,2025-02-26,no
414,A0008,G4,2025-02-26,no
415,A0008,G4,2025-03-05,si
416,A0008,G4,2025-03-05,si
417,A0009,G6,2024-04-05,si
418,A0009,G6,2024-04-12,no
419,A0009,G6,2024-04-19,si
420,A0009,G6,2024-04-26,si
421,A0009,G6,2024-05-03,no
422,A0009,G6,2024-05-10,si
423,A0009,G6,2024-05-17,si
424,A0009,G6,2024-05-24,no
425,A0009,G6,2024-05-31,no
426,A0010,G6,2025-05-02,si
427,A0010,G6,2025-05-09,si
428,A0010,G6,2025-05-16,si
429,A0010,G6,2025-05-23,no
430,A0010,G6,2025-05-30,si
431,A0010,G6,2025-06-06,si
432,A0010,G6,2025-06-13,si
433,A0010,G6,2025-06-20,no
434,A0010,G6,2025-06-27,si
435,A0010,G6,2025-07-04,si
436,A0010,G6,2025-07-11,si
437,A0010,G6,2025-07-18,si
438,A0010,G6,2025-07-25,si
439,A0010,G6,2025-08-01,si
440,A0010,G6,2025-08-08,no
441,A0010,G6,2025-08-15,si
442,A0011,G2,2025-02-07,no
443,A0011,G2,2025-02-07,si
444,A0011,G2,2025-02-14,si
445,A0011,G2,2025-02-14,si
446,A0011,G2,2025-02-21,no
447,A0011,G2,2025-02-21,no
448,A0011,G2,2025-02-28,si
449,A0011,G2,2025-02-28,si
450,A0011,G2,2025-03-07,si
451,A0011,G2,2025-03-07,si
452,A0011,G2,2025-03-14,no
453,A0011,G2,2025-03-14,si
454,A0011,G2,2025-03-21,si
455,A0011,G2,2025-03-21,no
456,A0011,G2,2025-03-28,si
457,A0011,G2,2025-03-28,si
458,A0011,G2,2025-04-04,si
459,A0011,G2,2025-04-04,si
460,A0011,G2,2025-04-11,si
461,A0011,G2,2025-04-11,si
462,A0011,G2,2025-04-18,si
463,A0011,G2,2025-04-18,si
464,A0011,G2,2025-04-25,si
465,A0011,G2,2025-04-25,si
466,A0011,G2,2025-05-02,si
467,A0011,G2,2025-05-02,no
468,A0011,G2,2025-05-09,no
469,A0011,G2,2025-05-09,si
470,A0011,G2,2025-05-16,si
471,A0011,G2,2025-05-16,si
472,A0011,G2,2025-05-23,no
473,A0011,G2,2025-05-23,si
474,A0011,G2,2025-05-30,si
475,A0011,G2,2025-05-30,si
476,A0011,G2,2025-06-06,si
477,A0011,G2,2025-06-06,si
478,A0011,G2,2025-06-13,si
479,A0011,G2,2025-06-13,si
480,A0011,G2,2025-06-20,si
481,A0011,G2,2025-06-20,si
482,A0011,G2,2025-06-27,si
483,A0011,G2,2025-06-27,si
484,A0011,G2,2025-07-04,si
485,A0011,G2,2025-07-04,no
486,A0011,G2,2025-07-11,no
487,A0011,G2,2025-07-11,si
488,A0011,G2,2025-07-18,no
489,A0011,G2,2025-07-18,no
490,A0011,G2,2025-07-25,no
491,A0011,G2,2025-07-25,no
492,A0011,G2,2025-08-01,si
493,A0011,G2,2025-08-01,no
494,A0012,G2,2024-11-29,si
495,A0012,G2,2024-11-29,no
496,A0012,G2,2024-12-06,si
497,A0012,G2,2024-12-06,si
498,A0012,G2,2024-12-13,si
499,A0012,G2,2024-12-13,si
500,A0012,G2,2024-12-20,si
501,A0012,G2,2024-12-20,no
502,A0012,G2,2024-12-27,si
503,A0012,G2,2024-12-27,si
504,A0012,G2,2025-01-03,si
505,A0012,G2,2025-01-03,si
506,A0012,G2,2025-01-10,si
507,A0012,G2,2025-01-10,si
508,A0012,G2,2025-01-17,si
509,A0012,G2,2025-01-17,si
510,A0012,G2,2025-01-24,si
511,A0012,G2,2025-01-24,si
512,A0012,G2,2025-01-31,si
513,A0012,G2,2025-01-31,si
514,A0012,G2,2025-02-07,si
515,A0012,G2,2025-02-07,si
516,A0012,G2,2025-02-14,no
517,A0012,G2,2025-02-14,si
518,A0012,G2,2025-02-21,no
519,A0012,G2,2025-02-21,si
520,A0012,G2,2025-02-28,no
521,A0012,G2,2025-02-28,si
522,A0012,G2,2025-03-07,si
523,A0012,G2,2025-03-07,si
524,A0012,G2,2025-03-14,si
525,A0012,G2,2025-03-14,si
526,A0012,G2,2025-03-21,si
527,A0012,G2,2025-03-21,si
528,A0012,G2,2025-03-28,no
529,A0012,G2,2025-03-28,si
530,A0012,G2,2025-04-04,si
531,A0012,G2,2025-04-04,si
532,A0012,G2,2025-04-11,si
533,A0012,G2,2025-04-11,si
534,A0012,G2,2025-04-18,si
535,A0012,G2,2025-04-18,si
536,A0012,G2,2025-04-25,si
537,A0012,G2,2025-04-25,si
538,A0012,G2,2025-05-02,no
539,A0012,G2,2025-05-02,si
540,A0012,G2,2025-05-09,si
541,A0012,G2,2025-05-09,si
542,A0012,G2,2025-05-16,no
543,A0012,G2,2025-05-16,no
544,A0012,G2,2025-05-23,si
545,A0012,G2,2025-05-23,no
546,A0012,G2,2025-05-30,si
547,A0012,G2,2025-05-30,si
548,A0012,G2,2025-06-06,si
549,A0012,G2,2025-06-06,si
550,A0012,G2,2025-06-13,si
551,A0012,G2,2025-06-13,si
552,A0012,G2,2025-06-20,si
553,A0012,G2,2025-06-20,si
554,A0012,G2,2025-06-27,si
555,A0012,G2,2025-06-27,si
556,A0012,G2,2025-07-04,si
557,A0012,G2,2025-07-04,si
558,A0012,G2,2025-07-11,si
559,A0012,G2,2025-07-11,si
560,A0012,G2,2025-07-18,si
561,A0012,G2,2025-07-18,si
562,A0012,G2,2025-07-25,si
563,A0012,G2,2025-07-25,si
564,A0012,G2,2025-08-01,si
565,A0012,G2,2025-08-01,si
566,A0012,G2,2025-08-08,si
567,A0012,G2,2025-08-08,si
568,A0012,G2,2025-08-15,si
569,A0012,G2,2025-08-15,si
570,A0013,G4,2024-07-17,si
571,A0013,G4,2024-07-17,no
572,A0013,G4,2024-07-24,si
573,A0013,G4,2024-07-24,si
574,A0013,G4,2024-07-31,si
575,A0013,G4,2024-07-31,si
576,A0013,G4,2024-08-07,si
577,A0013,G4,2024-08-07,si
578,A0013,G4,2024-08-14,no
579,A0013,G4,2024-08-14,si
580,A0013,G4,2024-08-21,si
581,A0013,G4,2024-08-21,si
582,A0013,G4,2024-08-28,si
583,A0013,G4,2024-08-28,si
584,A0013,G4,2024-09-04,si
585,A0013,G4,2024-09-04,si
586,A0013,G4,2024-09-11,no
587,A0013,G4,2024-09-11,si
588,A0013,G4,2024-09-18,no
589,A0013,G4,2024-09-18,si
590,A0013,G4,2024-09-25,si
591,A0013,G4,2024-09-25,si
592,A0013,G4,2024-10-02,si
593,A0013,G4,2024-10-02,si
594,A0013,G4,2024-10-09,si
595,A0013,G4,2024-10-09,si
596,A0013,G4,2024-10-16,si
597,A0013,G4,2024-10-16,si
598,A0013,G4,2024-10-23,si
599,A0013,G4,2024-10-23,si
600,A0013,G4,2024-10-30,si
601,A0013,G4,2024-10-30,si
602,A0013,G4,2024-11-06,si
603,A0013,G4,2024-11-06,si
604,A0013,G4,2024-11-13,si
605,A0013,G4,2024-11-13,si
606,A0013,G4,2024-11-20,no
607,A0013,G4,2024-11-20,si
608,A0013,G4,2024-11-27,si
609,A0013,G4,2024-11-27,no
610,A0013,G4,2024-12-04,si
611,A0013,G4,2024-12-04,si
612,A0013,G4,2024-12-11,si
613,A0013,G4,2024-12-11,si
614,A0013,G4,2024-12-18,si
615,A0013,G4,2024-12-18,si
616,A0013,G4,2024-12-25,si
617,A0013,G4,2024-12-25,si
618,A0013,G4,2025-01-01,si
619,A0013,G4,2025-01-01,si
620,A0013,G4,2025-01-08,si
621,A0013,G4,2025-01-08,si
622,A0013,G4,2025-01-15,si
623,A0013,G4,2025-01-15,si
624,A0013,G4,2025-01-22,si
625,A0013,G4,2025-01-22,si
626,A0013,G4,2025-01-29,si
627,A0013,G4,2025-01-29,si
628,A0013,G4,2025-02-05,si
629,A0013,G4,2025-02-05,si
630,A0013,G4,2025-02-12,si
631,A0013,G4,2025-02-12,si
632,A0013,G4,2025-02-19,si
633,A0013,G4,2025-02-19,no
634,A0013,G4,2025-02-26,si
635,A0013,G4,2025-02-26,no
636,A0013,G4,2025-03-05,si
637,A0013,G4,2025-03-05,si
638,A0013,G4,2025-03-12,si
639,A0013,G4,2025-03-12,si
640,A0013,G4,2025-03-19,si
641,A0013,G4,2025-03-19,si
642,A0013,G4,2025-03-26,si
643,A0013,G4,2025-03-26,si
644,A0013,G4,2025-04-02,no
645,A0013,G4,2025-04-02,si
646,A0013,G4,2025-04-09,si
647,A0013,G4,2025-04-09,si
648,A0013,G4,2025-04-16,si
649,A0013,G4,2025-04-16,si
650,A0013,G4,2025-04-23,si
651,A0013,G4,2025-04-23,si
652,A0013,G4,2025-04-30,si
653,A0013,G4,2025-04-30,si
654,A0013,G4,2025-05-07,no
655,A0013,G4,2025-05-07,si
656,A0013,G4,2025-05-14,si
657,A0013,G4,2025-05-14,si
658,A0013,G4,2025-05-21,si
659,A0013,G4,2025-05-21,si
660,A0013,G4,2025-05-28,si
661,A0013,G4,2025-05-28,si
662,A0013,G4,2025-06-04,si
663,A0013,G4,2025-06-04,no
664,A0013,G4,2025-06-11,si
665,A0013,G4,2025-06-11,si
666,A0013,G4,2025-06-18,si
667,A0013,G4,2025-06-18,si
668,A0013,G4,2025-06-25,si
669,A0013,G4,2025-06-25,no
670,A0013,G4,2025-07-02,si
671,A0013,G4,2025-07-02,no
672,A0013,G4,2025-07-09,si
673,A0013,G4,2025-07-09,no
674,A0013,G4,2025-07-16,si
675,A0013,G4,2025-07-16,si
676,A0013,G4,2025-07-23,si
677,A0013,G4,2025-07-23,si
678,A0013,G4,2025-07-30,si
679,A0013,G4,2025-07-30,si
680,A0013,G4,2025-08-06,si
681,A0013,G4,2025-08-06,si
682,A0013,G4,2025-08-13,si
683,A0013,G4,2025-08-13,si
684,A0014,G5,2024-06-21,si
685,A0014,G5,2024-06-21,si
686,A0014,G5,2024-06-28,si
687,A0014,G5,2024-06-28,no
688,A0014,G5,2024-07-05,si
689,A0014,G5,2024-07-05,si
690,A0014,G5,2024-07-12,si
691,A0014,G5,2024-07-12,si
692,A0014,G5,2024-07-19,no
693,A0014,G5,2024-07-19,si
694,A0014,G5,2024-07-26,si
695,A0014,G5,2024-07-26,no
696,A0014,G5,2024-08-02,si
697,A0014,G5,2024-08-02,si
698,A0014,G5,2024-08-09,si
699,A0014,G5,2024-08-09,si
700,A0014,G5,2024-08-16,no
701,A0014,G5,2024-08-16,si
702,A0014,G5,2024-08-23,si
703,A0014,G5,2024-08-23,si
704,A0014,G5,2024-08-30,no
705,A0014,G5,2024-08-30,si
706,A0014,G5,2024-09-06,si
707,A0014,G5,2024-09-06,si
708,A0014,G5,2024-09-13,si
709,A0014,G5,2024-09-13,no
710,A0014,G5,2024-09-20,si
711,A0014,G5,2024-09-20,si
712,A0014,G5,2024-09-27,si
713,A0014,G5,2024-09-27,no
714,A0014,G5,2024-10-04,si
715,A0014,G5,2024-10-04,si
716,A0014,G5,2024-10-11,si
717,A0014,G5,2024-10-11,si
718,A0014,G5,2024-10-18,si
719,A0014,G5,2024-10-18,si
720,A0014,G5,2024-10-25,si
721,A0014,G5,2024-10-25,si
722,A0014,G5,2024-11-01,si
723,A0014,G5,2024-11-01,si
724,A0014,G5,2024-11-08,no
725,A0014,G5,2024-11-08,no
726,A0014,G5,2024-11-15,si
727,A0014,G5,2024-11-15,si
728,A0014,G5,2024-11-22,si
729,A0014,G5,2024-11-22,si
730,A0014,G5,2024-11-29,no
731,A0014,G5,2024-11-29,si
732,A0014,G5,2024-12-06,si
733,A0014,G5,2024-12-06,si
734,A0014,G5,2024-12-13,si
735,A0014,G5,2024-12-13,si
736,A0014,G5,2024-12-20,si
737,A0014,G5,2024-12-20,si
738,A0014,G5,2024-12-27,si
739,A0014,G5,2024-12-27,si
740,A0014,G5,2025-01-03,si
741,A0014,G5,2025-01-03,si
742,A0014,G5,2025-01-10,no
743,A0014,G5,2025-01-10,no
744,A0014,G5,2025-01-17,no
745,A0014,G5,2025-01-17,si
746,A0014,G5,2025-01-24,si
747,A0014,G5,2025-01-24,si
748,A0014,G5,2025-01-31,si
749,A0014,G5,2025-01-31,si
750,A0014,G5,2025-02-07,no
751,A0014,G5,2025-02-07,si
752,A0014,G5,2025-02-14,si
753,A0014,G5,2025-02-14,si
754,A0014,G5,2025-02-21,no
755,A0014,G5,2025-02-21,si
756,A0014,G5,2025-02-28,si
757,A0014,G5,2025-02-28,si
758,A0014,G5,2025-03-07,si
759,A0014,G5,2025-03-07,si
760,A0014,G5,2025-03-14,si
761,A0014,G5,2025-03-14,si
762,A0014,G5,2025-03-21,si
763,A0014,G5,2025-03-21,no
764,A0014,G5,2025-03-28,si
765,A0014,G5,2025-03-28,si
766,A0014,G5,2025-04-04,si
767,A0014,G5,2025-04-04,si
768,A0014,G5,2025-04-11,si
769,A0014,G5,2025-04-11,si
770,A0014,G5,2025-04-18,no
771,A0014,G5,2025-04-18,si
772,A0014,G5,2025-04-25,si
773,A0014,G5,2025-04-25,si
774,A0014,G5,2025-05-02,si
775,A0014,G5,2025-05-02,no
776,A0014,G5,2025-05-09,si
777,A0014,G5,2025-05-09,si
778,A0014,G5,2025-05-16,si
779,A0014,G5,2025-05-16,si
780,A0014,G5,2025-05-23,si
781,A0014,G5,2025-05-23,no
782,A0014,G5,2025-05-30,si
783,A0014,G5,2025-05-30,no
784,A0014,G5,2025-06-06,si
785,A0014,G5,2025-06-06,si
786,A0014,G5,2025-06-13,si
787,A0014,G5,2025-06-13,si
788,A0014,G5,2025-06-20,si
789,A0014,G5,2025-06-20,si
790,A0014,G5,2025-06-27,si
791,A0014,G5,2025-06-27,si
792,A0014,G5,2025-07-04,si
793,A0014,G5,2025-07-04,si
794,A0014,G5,2025-07-11,si
795,A0014,G5,2025-07-11,no
796,A0014,G5,2025-07-18,si
797,A0014,G5,2025-07-18,si
798,A0014,G5,2025-07-25,si
799,A0014,G5,2025-07-25,no
800,A0014,G5,2025-08-01,si
801,A0014,G5,2025-08-01,si
802,A0014,G5,2025-08-08,si
803,A0014,G5,2025-08-08,si
804,A0014,G5,2025-08-15,si
805,A0014,G5,2025-08-15,si
806,A0015,G1,2024-06-26,si
807,A0015,G1,2024-06-26,si
808,A0015,G1,2024-07-03,si
809,A0015,G1,2024-07-03,no
810,A0015,G1,2024-07-10,si
811,A0015,G1,2024-07-10,no
812,A0015,G1,2024-07-17,no
813,A0015,G1,2024-07-17,si
814,A0015,G1,2024-07-24,si
815,A0015,G1,2024-07-24,si
816,A0015,G1,2024-07-31,si
817,A0015,G1,2024-07-31,si
818,A0015,G1,2024-08-07,si
819,A0015,G1,2024-08-07,si
820,A0015,G1,2024-08-14,si
821,A0015,G1,2024-08-14,si
822,A0015,G1,2024-08-21,si
823,A0015,G1,2024-08-21,si
824,A0015,G1,2024-08-28,si
825,A0015,G1,2024-08-28,no
826,A0015,G1,2024-09-04,si
827,A0015,G1,2024-09-04,si
828,A0015,G1,2024-09-11,si
829,A0015,G1,2024-09-11,si
830,A0015,G1,2024-09-18,si
831,A0015,G1,2024-09-18,no
832,A0015,G1,2024-09-25,si
833,A0015,G1,2024-09-25,si
834,A0015,G1,2024-10-02,si
835,A0015,G1,2024-10-02,no
836,A0015,G1,2024-10-09,si
837,A0015,G1,2024-10-09,si
838,A0015,G1,2024-10-16,si
839,A0015,G1,2024-10-16,si
840,A0015,G1,2024-10-23,si
841,A0015,G1,2024-10-23,si
842,A0015,G1,2024-10-30,si
843,A0015,G1,2024-10-30,si
844,A0015,G1,2024-11-06,si
845,A0015,G1,2024-11-06,si
846,A0015,G1,2024-11-13,si
847,A0015,G1,2024-11-13,si
848,A0015,G1,2024-11-20,si
849,A0015,G1,2024-11-20,si
850,A0015,G1,2024-11-27,si
851,A0015,G1,2024-11-27,si
852,A0015,G1,2024-12-04,si
853,A0015,G1,2024-12-04,si
854,A0015,G1,2024-12-11,si
855,A0015,G1,2024-12-11,si
856,A0015,G1,2024-12-18,si
857,A0015,G1,2024-12-18,si
858,A0015,G1,2024-12-25,si
859,A0015,G1,2024-12-25,no
860,A0015,G1,2025-01-01,si
861,A0015,G1,2025-01-01,si
862,A0015,G1,2025-01-08,si
863,A0015,G1,2025-01-08,si
864,A0015,G1,2025-01-15,no
865,A0015,G1,2025-01-15,si
866,A0015,G1,2025-01-22,si
867,A0015,G1,2025-01-22,si
868,A0015,G1,2025-01-29,si
869,A0015,G1,2025-01-29,si
870,A0015,G1,2025-02-05,si
871,A0015,G1,2025-02-05,si
872,A0015,G1,2025-02-12,si
873,A0015,G1,2025-02-12,si
874,A0015,G1,2025-02-19,si
875,A0015,G1,2025-02-19,si
876,A0015,G1,2025-02-26,si
877,A0015,G1,2025-02-26,si
878,A0015,G1,2025-03-05,si
879,A0015,G1,2025-03-05,si
880,A0015,G1,2025-03-12,si
881,A0015,G1,2025-03-12,si
882,A0015,G1,2025-03-19,no
883,A0015,G1,2025-03-19,si
884,A0015,G1,2025-03-26,si
885,A0015,G1,2025-03-26,si
886,A0015,G1,2025-04-02,si
887,A0015,G1,2025-04-02,no
888,A0015,G1,2025-04-09,si
889,A0015,G1,2025-04-09,si
890,A0015,G1,2025-04-16,si
891,A0015,G1,2025-04-16,no
892,A0015,G1,2025-04-23,si
893,A0015,G1,2025-04-23,si
894,A0015,G1,2025-04-30,si
895,A0015,G1,2025-04-30,si
896,A0015,G1,2025-05-07,si
897,A0015,G1,2025-05-07,si
898,A0015,G1,2025-05-14,si
899,A0015,G1,2025-05-14,si
900,A0015,G1,2025-05-21,no
901,A0015,G1,2025-05-21,si
902,A0015,G1,2025-05-28,si
903,A0015,G1,2025-05-28,si
904,A0015,G1,2025-06-04,si
905,A0015,G1,2025-06-04,si
906,A0015,G1,2025-06-11,si
907,A0015,G1,2025-06-11,si
908,A0015,G1,2025-06-18,no
909,A0015,G1,2025-06-18,si
910,A0015,G1,2025-06-25,si
911,A0015,G1,2025-06-25,si
912,A0015,G1,2025-07-02,si
913,A0015,G1,2025-07-02,si
914,A0015,G1,2025-07-09,si
915,A0015,G1,2025-07-09,si
916,A0015,G1,2025-07-16,si
917,A0015,G1,2025-07-16,si
918,A0015,G1,2025-07-23,no
919,A0015,G1,2025-07-23,si
920,A0015,G1,2025-07-30,si
921,A0015,G1,2025-07-30,si
922,A0015,G1,2025-08-06,si
923,A0015,G1,2025-08-06,si
924,A0015,G1,2025-08-13,si
925,A0015,G1,2025-08-13,si
926,A0016,G4,2024-07-16,si
927,A0016,G4,2024-07-16,si
928,A0016,G4,2024-07-23,si
929,A0016,G4,2024-07-23,si
930,A0016,G4,2024-07-30,no
931,A0016,G4,2024-07-30,si
932,A0016,G4,2024-08-06,si
933,A0016,G4,2024-08-06,si
934,A0016,G4,2024-08-13,si
935,A0016,G4,2024-08-13,si
936,A0016,G4,2024-08-20,si
937,A0016,G4,2024-08-20,si
938,A0016,G4,2024-08-27,si
939,A0016,G4,2024-08-27,si
940,A0016,G4,2024-09-03,si
941,A0016,G4,2024-09-03,si
942,A0016,G4,2024-09-10,si
943,A0016,G4,2024-09-10,si
944,A0016,G4,2024-09-17,si
945,A0016,G4,2024-09-17,si
946,A0016,G4,2024-09-24,si
947,A0016,G4,2024-09-24,si
948,A0016,G4,2024-10-01,si
949,A0016,G4,2024-10-01,no
950,A0016,G4,2024-10-08,si
951,A0016,G4,2024-10-08,si
952,A0016,G4,2024-10-15,si
953,A0016,G4,2024-10-15,si
954,A0016,G4,2024-10-22,si
955,A0016,G4,2024-10-22,si
956,A0016,G4,2024-10-29,si
957,A0016,G4,2024-10-29,si
958,A0016,G4,2024-11-05,si
959,A0016,G4,2024-11-05,si
960,A0016,G4,2024-11-12,no
961,A0016,G4,2024-11-12,si
962,A0016,G4,2024-11-19,si
963,A0016,G4,2024-11-19,si
964,A0016,G4,2024-11-26,no
965,A0016,G4,2024-11-26,si
966,A0016,G4,2024-12-03,si
967,A0016,G4,2024-12-03,si
968,A0016,G4,2024-12-10,si
969,A0016,G4,2024-12-10,si
970,A0016,G4,2024-12-17,si
971,A0016,G4,2024-12-17,no
972,A0016,G4,2024-12-24,si
973,A0016,G4,2024-12-24,si
974,A0016,G4,2024-12-31,si
975,A0016,G4,2024-12-31,si
976,A0016,G4,2025-01-07,si
977,A0016,G4,2025-01-07,no
978,A0016,G4,2025-01-14,si
979,A0016,G4,2025-01-14,no
980,A0016,G4,2025-01-21,no
981,A0016,G4,2025-01-21,si
982,A0016,G4,2025-01-28,si
983,A0016,G4,2025-01-28,si
984,A0016,G4,2025-02-04,si
985,A0016,G4,2025-02-04,si
986,A0016,G4,2025-02-11,si
987,A0016,G4,2025-02-11,si
988,A0016,G4,2025-02-18,si
989,A0016,G4,2025-02-18,si
990,A0016,G4,2025-02-25,si
991,A0016,G4,2025-02-25,si
992,A0016,G4,2025-03-04,no
993,A0016,G4,2025-03-04,si
994,A0016,G4,2025-03-11,si
995,A0016,G4,2025-03-11,si
996,A0016,G4,2025-03-18,si
997,A0016,G4,2025-03-18,si
998,A0016,G4,2025-03-25,si
999,A0016,G4,2025-03-25,no
1000,A0016,G4,2025-04-01,si
1001,A0016,G4,2025-04-01,no
1002,A0016,G4,2025-04-08,si
1003,A0016,G4,2025-04-08,si
1004,A0016,G4,2025-04-15,no
1005,A0016,G4,2025-04-15,no
1006,A0016,G4,2025-04-22,si
1007,A0016,G4,2025-04-22,si
1008,A0016,G4,2025-04-29,no
1009,A0016,G4,2025-04-29,si
1010,A0016,G4,2025-05-06,si
1011,A0016,G4,2025-05-06,si
1012,A0016,G4,2025-05-13,no
1013,A0016,G4,2025-05-13,no
1014,A0017,G4,2024-09-19,si
1015,A0017,G4,2024-09-19,si
1016,A0017,G4,2024-09-26,si
1017,A0017,G4,2024-09-26,si
1018,A0017,G4,2024-10-03,si
1019,A0017,G4,2024-10-03,si
1020,A0017,G4,2024-10-10,si
1021,A0017,G4,2024-10-10,no
1022,A0017,G4,2024-10-17,si
1023,A0017,G4,2024-10-17,si
1024,A0017,G4,2024-10-24,si
1025,A0017,G4,2024-10-24,si
1026,A0017,G4,2024-10-31,no
1027,A0017,G4,2024-10-31,si
1028,A0017,G4,2024-11-07,no
1029,A0017,G4,2024-11-07,si
1030,A0017,G4,2024-11-14,si
1031,A0017,G4,2024-11-14,si
1032,A0017,G4,2024-11-21,si
1033,A0017,G4,2024-11-21,no
1034,A0017,G4,2024-11-28,si
1035,A0017,G4,2024-11-28,si
1036,A0017,G4,2024-12-05,si
1037,A0017,G4,2024-12-05,si
1038,A0017,G4,2024-12-12,si
1039,A0017,G4,2024-12-12,si
1040,A0017,G4,2024-12-19,si
1041,A0017,G4,2024-12-19,si
1042,A0017,G4,2024-12-26,si
1043,A0017,G4,2024-12-26,no
1044,A0017,G4,2025-01-02,si
1045,A0017,G4,2025-01-02,no
1046,A0017,G4,2025-01-09,si
1047,A0017,G4,2025-01-09,no
1048,A0017,G4,2025-01-16,si
1049,A0017,G4,2025-01-16,no
1050,A0017,G4,2025-01-23,si
1051,A0017,G4,2025-01-23,si
1052,A0017,G4,2025-01-30,si
1053,A0017,G4,2025-01-30,si
1054,A0017,G4,2025-02-06,si
1055,A0017,G4,2025-02-06,si
1056,A0017,G4,2025-02-13,no
1057,A0017,G4,2025-02-13,si
1058,A0017,G4,2025-02-20,si
1059,A0017,G4,2025-02-20,si
1060,A0017,G4,2025-02-27,si
1061,A0017,G4,2025-02-27,si
1062,A0017,G4,2025-03-06,si
1063,A0017,G4,2025-03-06,si
1064,A0017,G4,2025-03-13,si
1065,A0017,G4,2025-03-13,si
1066,A0017,G4,2025-03-20,si
1067,A0017,G4,2025-03-20,si
1068,A0017,G4,2025-03-27,si
1069,A0017,G4,2025-03-27,si
1070,A0017,G4,2025-04-03,no
1071,A0017,G4,2025-04-03,si
1072,A0017,G4,2025-04-10,no
1073,A0017,G4,2025-04-10,si
1074,A0017,G4,2025-04-17,si
1075,A0017,G4,2025-04-17,si
1076,A0017,G4,2025-04-24,si
1077,A0017,G4,2025-04-24,si
1078,A0017,G4,2025-05-01,si
1079,A0017,G4,2025-05-01,si
1080,A0017,G4,2025-05-08,si
1081,A0017,G4,2025-05-08,si
1082,A0017,G4,2025-05-15,si
1083,A0017,G4,2025-05-15,no
1084,A0017,G4,2025-05-22,no
1085,A0017,G4,2025-05-22,si
1086,A0017,G4,2025-05-29,no
1087,A0017,G4,2025-05-29,no
1088,A0017,G4,2025-06-05,si
1089,A0017,G4,2025-06-05,no
1090,A0017,G4,2025-06-12,si
1091,A0017,G4,2025-06-12,si
1092,A0017,G4,2025-06-19,si
1093,A0017,G4,2025-06-19,no
1094,A0017,G4,2025-06-26,si
1095,A0017,G4,2025-06-26,no
1096,A0017,G4,2025-07-03,si
1097,A0017,G4,2025-07-03,si
1098,A0017,G4,2025-07-10,si
1099,A0017,G4,2025-07-10,si
1100,A0017,G4,2025-07-17,si
1101,A0017,G4,2025-07-17,si
1102,A0017,G4,2025-07-24,si
1103,A0017,G4,2025-07-24,si
1104,A0017,G4,2025-07-31,si
1105,A0017,G4,2025-07-31,si
1106,A0017,G4,2025-08-07,si
1107,A0017,G4,2025-08-07,si
1108,A0017,G4,2025-08-14,si
1109,A0017,G4,2025-08-14,si
1110,A0018,G2,2024-07-14,si
1111,A0018,G2,2024-07-14,si
1112,A0018,G2,2024-07-21,si
1113,A0018,G2,2024-07-21,si
1114,A0018,G2,2024-07-28,si
1115,A0018,G2,2024-07-28,si
1116,A0018,G2,2024-08-04,si
1117,A0018,G2,2024-08-04,si
1118,A0018,G2,2024-08-11,si
1119,A0018,G2,2024-08-11,si
1120,A0018,G2,2024-08-18,si
1121,A0018,G2,2024-08-18,si
1122,A0018,G2,2024-08-25,si
1123,A0018,G2,2024-08-25,si
1124,A0018,G2,2024-09-01,si
1125,A0018,G2,2024-09-01,si
1126,A0018,G2,2024-09-08,si
1127,A0018,G2,2024-09-08,si
1128,A0018,G2,2024-09-15,no
1129,A0018,G2,2024-09-15,si
1130,A0018,G2,2024-09-22,si
1131,A0018,G2,2024-09-22,si
1132,A0018,G2,2024-09-29,si
1133,A0018,G2,2024-09-29,si
1134,A0018,G2,2024-10-06,si
1135,A0018,G2,2024-10-06,si
1136,A0018,G2,2024-10-13,si
1137,A0018,G2,2024-10-13,si
1138,A0018,G2,2024-10-20,si
1139,A0018,G2,2024-10-20,si
1140,A0018,G2,2024-10-27,no
1141,A0018,G2,2024-10-27,si
1142,A0018,G2,2024-11-03,no
1143,A0018,G2,2024-11-03,si
1144,A0018,G2,2024-11-10,si
1145,A0018,G2,2024-11-10,si
1146,A0018,G2,2024-11-17,si
1147,A0018,G2,2024-11-17,si
1148,A0018,G2,2024-11-24,si
1149,A0018,G2,2024-11-24,si
1150,A0018,G2,2024-12-01,si
1151,A0018,G2,2024-12-01,si
1152,A0018,G2,2024-12-08,si
1153,A0018,G2,2024-12-08,si
1154,A0018,G2,2024-12-15,si
1155,A0018,G2,2024-12-15,si
1156,A0018,G2,2024-12-22,si
1157,A0018,G2,2024-12-22,si
1158,A0018,G2,2024-12-29,no
1159,A0018,G2,2024-12-29,no
1160,A0018,G2,2025-01-05,si
1161,A0018,G2,2025-01-05,si
1162,A0018,G2,2025-01-12,si
1163,A0018,G2,2025-01-12,si
1164,A0018,G2,2025-01-19,no
1165,A0018,G2,2025-01-19,si
1166,A0018,G2,2025-01-26,si
1167,A0018,G2,2025-01-26,si
1168,A0018,G2,2025-02-02,si
1169,A0018,G2,2025-02-02,si
1170,A0018,G2,2025-02-09,si
1171,A0018,G2,2025-02-09,si
1172,A0018,G2,2025-02-16,si
1173,A0018,G2,2025-02-16,si
1174,A0018,G2,2025-02-23,si
1175,A0018,G2,2025-02-23,si
1176,A0018,G2,2025-03-02,si
1177,A0018,G2,2025-03-02,si
1178,A0018,G2,2025-03-09,si
1179,A0018,G2,2025-03-09,si
1180,A0018,G2,2025-03-16,si
1181,A0018,G2,2025-03-16,si
1182,A0018,G2,2025-03-23,si
1183,A0018,G2,2025-03-23,si
1184,A0018,G2,2025-03-30,no
1185,A0018,G2,2025-03-30,no
1186,A0018,G2,2025-04-06,no
1187,A0018,G2,2025-04-06,no
1188,A0018,G2,2025-04-13,no
1189,A0018,G2,2025-04-13,no
1190,A0018,G2,2025-04-20,no
1191,A0018,G2,2025-04-20,no
1192,A0018,G2,2025-04-27,si
1193,A0018,G2,2025-04-27,no
1194,A0019,G4,2025-06-03,si
1195,A0019,G4,2025-06-03,si
1196,A0019,G4,2025-06-10,si
1197,A0019,G4,2025-06-10,si
1198,A0019,G4,2025-06-17,no
1199,A0019,G4,2025-06-17,si
1200,A0019,G4,2025-06-24,si
1201,A0019,G4,2025-06-24,si
1202,A0019,G4,2025-07-01,si
1203,A0019,G4,2025-07-01,no
1204,A0019,G4,2025-07-08,si
1205,A0019,G4,2025-07-08,si
1206,A0019,G4,2025-07-15,no
1207,A0019,G4,2025-07-15,no
1208,A0019,G4,2025-07-22,si
1209,A0019,G4,2025-07-22,si
1210,A0019,G4,2025-07-29,si
1211,A0019,G4,2025-07-29,si
1212,A0019,G4,2025-08-05,si
1213,A0019,G4,2025-08-05,si
1214,A0019,G4,2025-08-12,no
1215,A0019,G4,2025-08-12,si
1216,A0020,G2,2024-11-16,si
1217,A0020,G2,2024-11-16,si
1218,A0020,G2,2024-11-23,si
1219,A0020,G2,2024-11-23,no
1220,A0020,G2,2024-11-30,si
1221,A0020,G2,2024-11-30,si
1222,A0020,G2,2024-12-07,si
1223,A0020,G2,2024-12-07,si
1224,A0020,G2,2024-12-14,si
1225,A0020,G2,2024-12-14,no
1226,A0020,G2,2024-12-21,si
1227,A0020,G2,2024-12-21,no
1228,A0020,G2,2024-12-28,si
1229,A0020,G2,2024-12-28,si
1230,A0020,G2,2025-01-04,si
1231,A0020,G2,2025-01-04,si
1232,A0020,G2,2025-01-11,si
1233,A0020,G2,2025-01-11,si
1234,A0020,G2,2025-01-18,si
1235,A0020,G2,2025-01-18,si
1236,A0020,G2,2025-01-25,si
1237,A0020,G2,2025-01-25,si
1238,A0020,G2,2025-02-01,si
1239,A0020,G2,2025-02-01,no
1240,A0020,G2,2025-02-08,si
1241,A0020,G2,2025-02-08,si
1242,A0020,G2,2025-02-15,si
1243,A0020,G2,2025-02-15,si
1244,A0020,G2,2025-02-22,si
1245,A0020,G2,2025-02-22,si
1246,A0020,G2,2025-03-01,si
1247,A0020,G2,2025-03-01,no
1248,A0020,G2,2025-03-08,no
1249,A0020,G2,2025-03-08,si
1250,A0020,G2,2025-03-15,si
1251,A0020,G2,2025-03-15,no
1252,A0020,G2,2025-03-22,si
1253,A0020,G2,2025-03-22,si
1254,A0020,G2,2025-03-29,si
1255,A0020,G2,2025-03-29,si
1256,A0020,G2,2025-04-05,si
1257,A0020,G2,2025-04-05,si
1258,A0020,G2,2025-04-12,si
1259,A0020,G2,2025-04-12,si
1260,A0020,G2,2025-04-19,si
1261,A0020,G2,2025-04-19,si
1262,A0020,G2,2025-04-26,no
1263,A0020,G2,2025-04-26,si
1264,A0020,G2,2025-05-03,no
1265,A0020,G2,2025-05-03,si
1266,A0020,G2,2025-05-10,si
1267,A0020,G2,2025-05-10,no
1268,A0020,G2,2025-05-17,si
1269,A0020,G2,2025-05-17,si
1270,A0020,G2,2025-05-24,si
1271,A0020,G2,2025-05-24,si
1272,A0020,G2,2025-05-31,si
1273,A0020,G2,2025-05-31,no
1274,A0020,G2,2025-06-07,si
1275,A0020,G2,2025-06-07,si
1276,A0020,G2,2025-06-14,si
1277,A0020,G2,2025-06-14,si
1278,A0020,G2,2025-06-21,no
1279,A0020,G2,2025-06-21,si
1280,A0020,G2,2025-06-28,si
1281,A0020,G2,2025-06-28,si
1282,A0020,G2,2025-07-05,si
1283,A0020,G2,2025-07-05,no
1284,A0020,G2,2025-07-12,si
1285,A0020,G2,2025-07-12,si
1286,A0020,G2,2025-07-19,si
1287,A0020,G2,2025-07-19,si
1288,A0020,G2,2025-07-26,si
1289,A0020,G2,2025-07-26,si
1290,A0020,G2,2025-08-02,si
1291,A0020,G2,2025-08-02,si
1292,A0020,G2,2025-08-09,si
1293,A0020,G2,2025-08-09,si
1294,A0020,G2,2025-08-16,si
1295,A0020,G2,2025-08-16,si
1296,A0021,G1,2024-05-18,si
1297,A0021,G1,2024-05-18,si
1298,A0021,G1,2024-05-25,si
1299,A0021,G1,2024-05-25,si
1300,A0021,G1,2024-06-01,si
1301,A0021,G1,2024-06-01,si
1302,A0021,G1,2024-06-08,si
1303,A0021,G1,2024-06-08,si
1304,A0021,G1,2024-06-15,no
1305,A0021,G1,2024-06-15,si
1306,A0021,G1,2024-06-22,no
1307,A0021,G1,2024-06-22,si
1308,A0021,G1,2024-06-29,si
1309,A0021,G1,2024-06-29,si
1310,A0021,G1,2024-07-06,si
1311,A0021,G1,2024-07-06,si
1312,A0021,G1,2024-07-13,si
1313,A0021,G1,2024-07-13,si
1314,A0021,G1,2024-07-20,si
1315,A0021,G1,2024-07-20,si
1316,A0021,G1,2024-07-27,si
1317,A0021,G1,2024-07-27,si
1318,A0021,G1,2024-08-03,si
1319,A0021,G1,2024-08-03,si
1320,A0021,G1,2024-08-10,si
1321,A0021,G1,2024-08-10,no
1322,A0021,G1,2024-08-17,no
1323,A0021,G1,2024-08-17,si
1324,A0021,G1,2024-08-24,si
1325,A0021,G1,2024-08-24,si
1326,A0021,G1,2024-08-31,no
1327,A0021,G1,2024-08-31,si
1328,A0021,G1,2024-09-07,si
1329,A0021,G1,2024-09-07,no
1330,A0021,G1,2024-09-14,si
1331,A0021,G1,2024-09-14,si
1332,A0021,G1,2024-09-21,no
1333,A0021,G1,2024-09-21,si
1334,A0021,G1,2024-09-28,si
1335,A0021,G1,2024-09-28,no
1336,A0021,G1,2024-10-05,si
1337,A0021,G1,2024-10-05,si
1338,A0021,G1,2024-10-12,si
1339,A0021,G1,2024-10-12,si
1340,A0021,G1,2024-10-19,si
1341,A0021,G1,2024-10-19,si
1342,A0021,G1,2024-10-26,si
1343,A0021,G1,2024-10-26,si
1344,A0021,G1,2024-11-02,si
1345,A0021,G1,2024-11-02,si
1346,A0021,G1,2024-11-09,no
1347,A0021,G1,2024-11-09,si
1348,A0021,G1,2024-11-16,si
1349,A0021,G1,2024-11-16,no
1350,A0021,G1,2024-11-23,si
1351,A0021,G1,2024-11-23,si
1352,A0021,G1,2024-11-30,si
1353,A0021,G1,2024-11-30,no
1354,A0021,G1,2024-12-07,si
1355,A0021,G1,2024-12-07,si
1356,A0021,G1,2024-12-14,si
1357,A0021,G1,2024-12-14,si
1358,A0021,G1,2024-12-21,no
1359,A0021,G1,2024-12-21,si
1360,A0021,G1,2024-12-28,si
1361,A0021,G1,2024-12-28,si
1362,A0021,G1,2025-01-04,si
1363,A0021,G1,2025-01-04,si
1364,A0021,G1,2025-01-11,si
1365,A0021,G1,2025-01-11,si
1366,A0021,G1,2025-01-18,si
1367,A0021,G1,2025-01-18,si
1368,A0021,G1,2025-01-25,si
1369,A0021,G1,2025-01-25,si
1370,A0021,G1,2025-02-01,si
1371,A0021,G1,2025-02-01,si
1372,A0021,G1,2025-02-08,si
1373,A0021,G1,2025-02-08,si
1374,A0021,G1,2025-02-15,si
1375,A0021,G1,2025-02-15,si
1376,A0021,G1,2025-02-22,no
1377,A0021,G1,2025-02-22,no
1378,A0021,G1,2025-03-01,si
1379,A0021,G1,2025-03-01,si
1380,A0021,G1,2025-03-08,si
1381,A0021,G1,2025-03-08,si
1382,A0021,G1,2025-03-15,si
1383,A0021,G1,2025-03-15,si
1384,A0021,G1,2025-03-22,no
1385,A0021,G1,2025-03-22,si
1386,A0021,G1,2025-03-29,no
1387,A0021,G1,2025-03-29,si
1388,A0021,G1,2025-04-05,no
1389,A0021,G1,2025-04-05,si
1390,A0021,G1,2025-04-12,si
1391,A0021,G1,2025-04-12,no
1392,A0021,G1,2025-04-19,no
1393,A0021,G1,2025-04-19,si
1394,A0021,G1,2025-04-26,no
1395,A0021,G1,2025-04-26,si
1396,A0021,G1,2025-05-03,no
1397,A0021,G1,2025-05-03,si
1398,A0021,G1,2025-05-10,si
1399,A0021,G1,2025-05-10,no
1400,A0021,G1,2025-05-17,si
1401,A0021,G1,2025-05-17,si
1402,A0021,G1,2025-05-24,no
1403,A0021,G1,2025-05-24,si
1404,A0021,G1,2025-05-31,si
1405,A0021,G1,2025-05-31,si
1406,A0021,G1,2025-06-07,si
1407,A0021,G1,2025-06-07,si
1408,A0021,G1,2025-06-14,si
1409,A0021,G1,2025-06-14,si
1410,A0021,G1,2025-06-21,si
1411,A0021,G1,2025-06-21,no
1412,A0021,G1,2025-06-28,si
1413,A0021,G1,2025-06-28,si
1414,A0021,G1,2025-07-05,si
1415,A0021,G1,2025-07-05,si
1416,A0021,G1,2025-07-12,no
1417,A0021,G1,2025-07-12,no
1418,A0021,G1,2025-07-19,si
1419,A0021,G1,2025-07-19,si
1420,A0021,G1,2025-07-26,si
1421,A0021,G1,2025-07-26,si
1422,A0021,G1,2025-08-02,si
1423,A0021,G1,2025-08-02,no
1424,A0021,G1,2025-08-09,si
1425,A0021,G1,2025-08-09,si
1426,A0021,G1,2025-08-16,si
1427,A0021,G1,2025-08-16,si
1428,A0022,G4,2024-12-31,no
1429,A0022,G4,2024-12-31,no
1430,A0022,G4,2025-01-07,si
1431,A0022,G4,2025-01-07,no
1432,A0023,G5,2025-03-20,si
1433,A0023,G5,2025-03-20,no
1434,A0023,G5,2025-03-27,si
1435,A0023,G5,2025-03-27,si
1436,A0023,G5,2025-04-03,si
1437,A0023,G5,2025-04-03,si
1438,A0023,G5,2025-04-10,si
1439,A0023,G5,2025-04-10,no
1440,A0023,G5,2025-04-17,no
1441,A0023,G5,2025-04-17,si
1442,A0023,G5,2025-04-24,si
1443,A0023,G5,2025-04-24,si
1444,A0023,G5,2025-05-01,si
1445,A0023,G5,2025-05-01,si
1446,A0023,G5,2025-05-08,si
1447,A0023,G5,2025-05-08,si
1448,A0023,G5,2025-05-15,si
1449,A0023,G5,2025-05-15,si
1450,A0023,G5,2025-05-22,si
1451,A0023,G5,2025-05-22,si
1452,A0023,G5,2025-05-29,si
1453,A0023,G5,2025-05-29,si
1454,A0023,G5,2025-06-05,si
1455,A0023,G5,2025-06-05,si
1456,A0023,G5,2025-06-12,si
1457,A0023,G5,2025-06-12,si
1458,A0023,G5,2025-06-19,si
1459,A0023,G5,2025-06-19,si
1460,A0023,G5,2025-06-26,si
1461,A0023,G5,2025-06-26,si
1462,A0023,G5,2025-07-03,no
1463,A0023,G5,2025-07-03,si
1464,A0023,G5,2025-07-10,si
1465,A0023,G5,2025-07-10,si
1466,A0023,G5,2025-07-17,si
1467,A0023,G5,2025-07-17,si
1468,A0023,G5,2025-07-24,si
1469,A0023,G5,2025-07-24,si
1470,A0023,G5,2025-07-31,si
1471,A0023,G5,2025-07-31,si
1472,A0023,G5,2025-08-07,si
1473,A0023,G5,2025-08-07,si
1474,A0023,G5,2025-08-14,si
1475,A0023,G5,2025-08-14,si
1476,A0024,G1,2024-07-29,si
1477,A0024,G1,2024-07-29,si
1478,A0024,G1,2024-08-05,si
1479,A0024,G1,2024-08-05,si
1480,A0024,G1,2024-08-12,si
1481,A0024,G1,2024-08-12,si
1482,A0024,G1,2024-08-19,si
1483,A0024,G1,2024-08-19,si
1484,A0024,G1,2024-08-26,si
1485,A0024,G1,2024-08-26,si
1486,A0024,G1,2024-09-02,si
1487,A0024,G1,2024-09-02,no
1488,A0024,G1,2024-09-09,si
1489,A0024,G1,2024-09-09,no
1490,A0024,G1,2024-09-16,si
1491,A0024,G1,2024-09-16,si
1492,A0024,G1,2024-09-23,si
1493,A0024,G1,2024-09-23,si
1494,A0024,G1,2024-09-30,si
1495,A0024,G1,2024-09-30,no
1496,A0024,G1,2024-10-07,si
1497,A0024,G1,2024-10-07,si
1498,A0024,G1,2024-10-14,si
1499,A0024,G1,2024-10-14,si
1500,A0024,G1,2024-10-21,si
1501,A0024,G1,2024-10-21,si
1502,A0024,G1,2024-10-28,si
1503,A0024,G1,2024-10-28,si
1504,A0024,G1,2024-11-04,si
1505,A0024,G1,2024-11-04,si
1506,A0024,G1,2024-11-11,no
1507,A0024,G1,2024-11-11,si
1508,A0024,G1,2024-11-18,si
1509,A0024,G1,2024-11-18,si
1510,A0024,G1,2024-11-25,si
1511,A0024,G1,2024-11-25,si
1512,A0024,G1,2024-12-02,si
1513,A0024,G1,2024-12-02,si
1514,A0024,G1,2024-12-09,si
1515,A0024,G1,2024-12-09,no
1516,A0024,G1,2024-12-16,si
1517,A0024,G1,2024-12-16,si
1518,A0024,G1,2024-12-23,si
1519,A0024,G1,2024-12-23,si
1520,A0024,G1,2024-12-30,si
1521,A0024,G1,2024-12-30,si
1522,A0024,G1,2025-01-06,si
1523,A0024,G1,2025-01-06,si
1524,A0024,G1,2025-01-13,si
1525,A0024,G1,2025-01-13,si
1526,A0024,G1,2025-01-20,si
1527,A0024,G1,2025-01-20,no
1528,A0024,G1,2025-01-27,si
1529,A0024,G1,2025-01-27,si
1530,A0024,G1,2025-02-03,si
1531,A0024,G1,2025-02-03,si
1532,A0024,G1,2025-02-10,si
1533,A0024,G1,2025-02-10,si
1534,A0024,G1,2025-02-17,si
1535,A0024,G1,2025-02-17,si
1536,A0024,G1,2025-02-24,si
1537,A0024,G1,2025-02-24,si
1538,A0024,G1,2025-03-03,si
1539,A0024,G1,2025-03-03,no
1540,A0024,G1,2025-03-10,no
1541,A0024,G1,2025-03-10,no
1542,A0024,G1,2025-03-17,si
1543,A0024,G1,2025-03-17,si
1544,A0024,G1,2025-03-24,si
1545,A0024,G1,2025-03-24,si
1546,A0024,G1,2025-03-31,si
1547,A0024,G1,2025-03-31,si
1548,A0024,G1,2025-04-07,si
1549,A0024,G1,2025-04-07,si
1550,A0024,G1,2025-04-14,si
1551,A0024,G1,2025-04-14,si
1552,A0024,G1,2025-04-21,si
1553,A0024,G1,2025-04-21,si
1554,A0024,G1,2025-04-28,si
1555,A0024,G1,2025-04-28,si
1556,A0024,G1,2025-05-05,no
1557,A0024,G1,2025-05-05,no
1558,A0024,G1,2025-05-12,si
1559,A0024,G1,2025-05-12,si
1560,A0024,G1,2025-05-19,si
1561,A0024,G1,2025-05-19,si
1562,A0024,G1,2025-05-26,si
1563,A0024,G1,2025-05-26,si
1564,A0024,G1,2025-06-02,si
1565,A0024,G1,2025-06-02,si
1566,A0024,G1,2025-06-09,si
1567,A0024,G1,2025-06-09,si
1568,A0024,G1,2025-06-16,si
1569,A0024,G1,2025-06-16,no
1570,A0024,G1,2025-06-23,si
1571,A0024,G1,2025-06-23,no
1572,A0024,G1,2025-06-30,si
1573,A0024,G1,2025-06-30,si
1574,A0024,G1,2025-07-07,si
1575,A0024,G1,2025-07-07,si
1576,A0024,G1,2025-07-14,si
1577,A0024,G1,2025-07-14,si
1578,A0024,G1,2025-07-21,si
1579,A0024,G1,2025-07-21,no
1580,A0024,G1,2025-07-28,si
1581,A0024,G1,2025-07-28,si
1582,A0024,G1,2025-08-04,si
1583,A0024,G1,2025-08-04,si
1584,A0024,G1,2025-08-11,si
1585,A0024,G1,2025-08-11,si
1586,A0025,G6,2025-05-23,no
1587,A0025,G6,2025-05-30,si
1588,A0025,G6,2025-06-06,si
1589,A0025,G6,2025-06-13,si
1590,A0025,G6,2025-06-20,si
1591,A0025,G6,2025-06-27,si
1592,A0025,G6,2025-07-04,si
1593,A0025,G6,2025-07-11,si
1594,A0025,G6,2025-07-18,si
1595,A0025,G6,2025-07-25,si
1596,A0025,G6,2025-08-01,si
1597,A0025,G6,2025-08-08,si
1598,A0025,G6,2025-08-15,no
1599,A0026,G2,2024-11-15,no
1600,A0026,G2,2024-11-15,no
1601,A0026,G2,2024-11-22,no
1602,A0026,G2,2024-11-22,si
1603,A0026,G2,2024-11-29,no
1604,A0026,G2,2024-11-29,si
1605,A0026,G2,2024-12-06,si
1606,A0026,G2,2024-12-06,si
1607,A0026,G2,2024-12-13,no
1608,A0026,G2,2024-12-13,si
1609,A0026,G2,2024-12-20,si
1610,A0026,G2,2024-12-20,si
1611,A0026,G2,2024-12-27,si
1612,A0026,G2,2024-12-27,si
1613,A0026,G2,2025-01-03,no
1614,A0026,G2,2025-01-03,si
1615,A0026,G2,2025-01-10,si
1616,A0026,G2,2025-01-10,si
1617,A0026,G2,2025-01-17,si
1618,A0026,G2,2025-01-17,si
1619,A0026,G2,2025-01-24,no
1620,A0026,G2,2025-01-24,si
1621,A0026,G2,2025-01-31,si
1622,A0026,G2,2025-01-31,si
1623,A0026,G2,2025-02-07,si
1624,A0026,G2,2025-02-07,si
1625,A0026,G2,2025-02-14,si
1626,A0026,G2,2025-02-14,si
1627,A0026,G2,2025-02-21,si
1628,A0026,G2,2025-02-21,si
1629,A0026,G2,2025-02-28,si
1630,A0026,G2,2025-02-28,si
1631,A0026,G2,2025-03-07,si
1632,A0026,G2,2025-03-07,si
1633,A0026,G2,2025-03-14,si
1634,A0026,G2,2025-03-14,si
1635,A0026,G2,2025-03-21,si
1636,A0026,G2,2025-03-21,si
1637,A0026,G2,2025-03-28,si
1638,A0026,G2,2025-03-28,si
1639,A0026,G2,2025-04-04,no
1640,A0026,G2,2025-04-04,si
1641,A0026,G2,2025-04-11,si
1642,A0026,G2,2025-04-11,si
1643,A0026,G2,2025-04-18,si
1644,A0026,G2,2025-04-18,si
1645,A0026,G2,2025-04-25,si
1646,A0026,G2,2025-04-25,si
1647,A0026,G2,2025-05-02,si
1648,A0026,G2,2025-05-02,si
1649,A0026,G2,2025-05-09,si
1650,A0026,G2,2025-05-09,si
1651,A0026,G2,2025-05-16,si
1652,A0026,G2,2025-05-16,si
1653,A0026,G2,2025-05-23,si
1654,A0026,G2,2025-05-23,si
1655,A0026,G2,2025-05-30,si
1656,A0026,G2,2025-05-30,si
1657,A0026,G2,2025-06-06,si
1658,A0026,G2,2025-06-06,si
1659,A0026,G2,2025-06-13,si
1660,A0026,G2,2025-06-13,si
1661,A0026,G2,2025-06-20,no
1662,A0026,G2,2025-06-20,si
1663,A0026,G2,2025-06-27,si
1664,A0026,G2,2025-06-27,si
1665,A0026,G2,2025-07-04,si
1666,A0026,G2,2025-07-04,si
1667,A0026,G2,2025-07-11,si
1668,A0026,G2,2025-07-11,si
1669,A0026,G2,2025-07-18,si
1670,A0026,G2,2025-07-18,si
1671,A0026,G2,2025-07-25,si
1672,A0026,G2,2025-07-25,si
1673,A0026,G2,2025-08-01,si
1674,A0026,G2,2025-08-01,no
1675,A0026,G2,2025-08-08,si
1676,A0026,G2,2025-08-08,si
1677,A0026,G2,2025-08-15,si
1678,A0026,G2,2025-08-15,si
1679,A0027,G3,2025-05-05,si
1680,A0027,G3,2025-05-12,no
1681,A0027,G3,2025-05-19,si
1682,A0027,G3,2025-05-26,si
1683,A0027,G3,2025-06-02,si
1684,A0027,G3,2025-06-09,si
1685,A0027,G3,2025-06-16,si
1686,A0027,G3,2025-06-23,si
1687,A0027,G3,2025-06-30,si
1688,A0027,G3,2025-07-07,si
1689,A0027,G3,2025-07-14,si
1690,A0027,G3,2025-07-21,si
1691,A0027,G3,2025-07-28,si
1692,A0027,G3,2025-08-04,si
1693,A0027,G3,2025-08-11,no
1694,A0028,G2,2024-09-08,si
1695,A0028,G2,2024-09-08,si
1696,A0028,G2,2024-09-15,si
1697,A0028,G2,2024-09-15,si
1698,A0028,G2,2024-09-22,si
1699,A0028,G2,2024-09-22,si
1700,A0028,G2,2024-09-29,si
1701,A0028,G2,2024-09-29,si
1702,A0028,G2,2024-10-06,si
1703,A0028,G2,2024-10-06,no
1704,A0028,G2,2024-10-13,si
1705,A0028,G2,2024-10-13,si
1706,A0028,G2,2024-10-20,si
1707,A0028,G2,2024-10-20,si
1708,A0028,G2,2024-10-27,si
1709,A0028,G2,2024-10-27,si
1710,A0028,G2,2024-11-03,si
1711,A0028,G2,2024-11-03,si
1712,A0028,G2,2024-11-10,si
1713,A0028,G2,2024-11-10,si
1714,A0028,G2,2024-11-17,si
1715,A0028,G2,2024-11-17,si
1716,A0028,G2,2024-11-24,si
1717,A0028,G2,2024-11-24,si
1718,A0028,G2,2024-12-01,no
1719,A0028,G2,2024-12-01,si
1720,A0028,G2,2024-12-08,si
1721,A0028,G2,2024-12-08,si
1722,A0028,G2,2024-12-15,si
1723,A0028,G2,2024-12-15,si
1724,A0028,G2,2024-12-22,no
1725,A0028,G2,2024-12-22,si
1726,A0028,G2,2024-12-29,no
1727,A0028,G2,2024-12-29,si
1728,A0028,G2,2025-01-05,si
1729,A0028,G2,2025-01-05,si
1730,A0028,G2,2025-01-12,si
1731,A0028,G2,2025-01-12,no
1732,A0028,G2,2025-01-19,si
1733,A0028,G2,2025-01-19,si
1734,A0028,G2,2025-01-26,si
1735,A0028,G2,2025-01-26,si
1736,A0028,G2,2025-02-02,si
1737,A0028,G2,2025-02-02,si
1738,A0028,G2,2025-02-09,si
1739,A0028,G2,2025-02-09,si
1740,A0028,G2,2025-02-16,si
1741,A0028,G2,2025-02-16,si
1742,A0028,G2,2025-02-23,si
1743,A0028,G2,2025-02-23,si
1744,A0028,G2,2025-03-02,si
1745,A0028,G2,2025-03-02,si
1746,A0028,G2,2025-03-09,si
1747,A0028,G2,2025-03-09,si
1748,A0028,G2,2025-03-16,si
1749,A0028,G2,2025-03-16,no
1750,A0028,G2,2025-03-23,no
1751,A0028,G2,2025-03-23,si
1752,A0028,G2,2025-03-30,si
1753,A0028,G2,2025-03-30,no
1754,A0028,G2,2025-04-06,si
1755,A0028,G2,2025-04-06,si
1756,A0028,G2,2025-04-13,si
1757,A0028,G2,2025-04-13,no
1758,A0028,G2,2025-04-20,si
1759,A0028,G2,2025-04-20,si
1760,A0028,G2,2025-04-27,si
1761,A0028,G2,2025-04-27,si
1762,A0028,G2,2025-05-04,si
1763,A0028,G2,2025-05-04,si
1764,A0028,G2,2025-05-11,si
1765,A0028,G2,2025-05-11,si
1766,A0028,G2,2025-05-18,no
1767,A0028,G2,2025-05-18,si
1768,A0028,G2,2025-05-25,si
1769,A0028,G2,2025-05-25,si
1770,A0028,G2,2025-06-01,si
1771,A0028,G2,2025-06-01,si
1772,A0028,G2,2025-06-08,si
1773,A0028,G2,2025-06-08,si
1774,A0028,G2,2025-06-15,si
1775,A0028,G2,2025-06-15,si
1776,A0028,G2,2025-06-22,si
1777,A0028,G2,2025-06-22,si
1778,A0028,G2,2025-06-29,si
1779,A0028,G2,2025-06-29,si
1780,A0028,G2,2025-07-06,si
1781,A0028,G2,2025-07-06,no
1782,A0028,G2,2025-07-13,si
1783,A0028,G2,2025-07-13,si
1784,A0028,G2,2025-07-20,no
1785,A0028,G2,2025-07-20,si
1786,A0028,G2,2025-07-27,si
1787,A0028,G2,2025-07-27,si
1788,A0028,G2,2025-08-03,si
1789,A0028,G2,2025-08-03,si
1790,A0028,G2,2025-08-10,si
1791,A0028,G2,2025-08-10,si
1792,A0028,G2,2025-08-17,si
1793,A0028,G2,2025-08-17,si
1794,A0029,G5,2025-06-14,no
1795,A0029,G5,2025-06-14,no
1796,A0029,G5,2025-06-21,si
1797,A0029,G5,2025-06-21,si
1798,A0030,G5,2025-06-28,no
1799,A0030,G5,2025-06-28,si
1800,A0030,G5,2025-07-05,si
1801,A0030,G5,2025-07-05,si
1802,A0030,G5,2025-07-12,no
1803,A0030,G5,2025-07-12,no
1804,A0031,G2,2025-02-01,si
1805,A0031,G2,2025-02-01,si
1806,A0031,G2,2025-02-08,si
1807,A0031,G2,2025-02-08,si
1808,A0031,G2,2025-02-15,si
1809,A0031,G2,2025-02-15,si
1810,A0031,G2,2025-02-22,si
1811,A0031,G2,2025-02-22,si
1812,A0031,G2,2025-03-01,si
1813,A0031,G2,2025-03-01,si
1814,A0031,G2,2025-03-08,si
1815,A0031,G2,2025-03-08,si
1816,A0031,G2,2025-03-15,no
1817,A0031,G2,2025-03-15,si
1818,A0031,G2,2025-03-22,si
1819,A0031,G2,2025-03-22,si
1820,A0031,G2,2025-03-29,si
1821,A0031,G2,2025-03-29,si
1822,A0031,G2,2025-04-05,si
1823,A0031,G2,2025-04-05,si
1824,A0031,G2,2025-04-12,si
1825,A0031,G2,2025-04-12,si
1826,A0031,G2,2025-04-19,si
1827,A0031,G2,2025-04-19,si
1828,A0031,G2,2025-04-26,si
1829,A0031,G2,2025-04-26,si
1830,A0031,G2,2025-05-03,si
1831,A0031,G2,2025-05-03,si
1832,A0031,G2,2025-05-10,no
1833,A0031,G2,2025-05-10,si
1834,A0031,G2,2025-05-17,si
1835,A0031,G2,2025-05-17,si
1836,A0031,G2,2025-05-24,si
1837,A0031,G2,2025-05-24,si
1838,A0031,G2,2025-05-31,si
1839,A0031,G2,2025-05-31,si
1840,A0031,G2,2025-06-07,si
1841,A0031,G2,2025-06-07,si
1842,A0031,G2,2025-06-14,no
1843,A0031,G2,2025-06-14,si
1844,A0031,G2,2025-06-21,si
1845,A0031,G2,2025-06-21,si
1846,A0031,G2,2025-06-28,si
1847,A0031,G2,2025-06-28,si
1848,A0031,G2,2025-07-05,si
1849,A0031,G2,2025-07-05,si
1850,A0031,G2,2025-07-12,si
1851,A0031,G2,2025-07-12,si
1852,A0031,G2,2025-07-19,si
1853,A0031,G2,2025-07-19,si
1854,A0031,G2,2025-07-26,si
1855,A0031,G2,2025-07-26,si
1856,A0031,G2,2025-08-02,no
1857,A0031,G2,2025-08-02,no
1858,A0031,G2,2025-08-09,si
1859,A0031,G2,2025-08-09,si
1860,A0031,G2,2025-08-16,si
1861,A0031,G2,2025-08-16,si
1862,A0032,G3,2024-11-26,si
1863,A0032,G3,2024-12-03,si
1864,A0032,G3,2024-12-10,no
1865,A0032,G3,2024-12-17,no
1866,A0032,G3,2024-12-24,si
1867,A0032,G3,2024-12-31,si
1868,A0032,G3,2025-01-07,si
1869,A0032,G3,2025-01-14,si
1870,A0032,G3,2025-01-21,si
1871,A0032,G3,2025-01-28,si
1872,A0032,G3,2025-02-04,si
1873,A0032,G3,2025-02-11,si
1874,A0032,G3,2025-02-18,si
1875,A0032,G3,2025-02-25,si
1876,A0032,G3,2025-03-04,si
1877,A0032,G3,2025-03-11,si
1878,A0032,G3,2025-03-18,si
1879,A0032,G3,2025-03-25,si
1880,A0032,G3,2025-04-01,si
1881,A0032,G3,2025-04-08,si
1882,A0032,G3,2025-04-15,si
1883,A0032,G3,2025-04-22,si
1884,A0032,G3,2025-04-29,si
1885,A0032,G3,2025-05-06,si
1886,A0032,G3,2025-05-13,si
1887,A0032,G3,2025-05-20,si
1888,A0032,G3,2025-05-27,si
1889,A0032,G3,2025-06-03,si
1890,A0032,G3,2025-06-10,no
1891,A0032,G3,2025-06-17,si
1892,A0032,G3,2025-06-24,si
1893,A0032,G3,2025-07-01,si
1894,A0032,G3,2025-07-08,si
1895,A0032,G3,2025-07-15,si
1896,A0032,G3,2025-07-22,si
1897,A0032,G3,2025-07-29,si
1898,A0032,G3,2025-08-05,si
1899,A0032,G3,2025-08-12,si
1900,A0033,G2,2025-06-19,no
1901,A0033,G2,2025-06-19,si
1902,A0033,G2,2025-06-26,si
1903,A0033,G2,2025-06-26,no
1904,A0033,G2,2025-07-03,si
1905,A0033,G2,2025-07-03,no
1906,A0033,G2,2025-07-10,si
1907,A0033,G2,2025-07-10,si
1908,A0033,G2,2025-07-17,si
1909,A0033,G2,2025-07-17,si
1910,A0033,G2,2025-07-24,si
1911,A0033,G2,2025-07-24,no
1912,A0033,G2,2025-07-31,si
1913,A0033,G2,2025-07-31,si
1914,A0033,G2,2025-08-07,si
1915,A0033,G2,2025-08-07,si
1916,A0033,G2,2025-08-14,si
1917,A0033,G2,2025-08-14,si
1918,A0034,G2,2025-03-01,si
1919,A0034,G2,2025-03-01,si
1920,A0034,G2,2025-03-08,si
1921,A0034,G2,2025-03-08,si
1922,A0034,G2,2025-03-15,no
1923,A0034,G2,2025-03-15,si
1924,A0034,G2,2025-03-22,si
1925,A0034,G2,2025-03-22,no
1926,A0034,G2,2025-03-29,si
1927,A0034,G2,2025-03-29,no
1928,A0034,G2,2025-04-05,si
1929,A0034,G2,2025-04-05,si
1930,A0034,G2,2025-04-12,si
1931,A0034,G2,2025-04-12,si
1932,A0034,G2,2025-04-19,si
1933,A0034,G2,2025-04-19,si
1934,A0034,G2,2025-04-26,si
1935,A0034,G2,2025-04-26,si
1936,A0034,G2,2025-05-03,si
1937,A0034,G2,2025-05-03,si
1938,A0034,G2,2025-05-10,si
1939,A0034,G2,2025-05-10,si
1940,A0034,G2,2025-05-17,si
1941,A0034,G2,2025-05-17,si
1942,A0034,G2,2025-05-24,si
1943,A0034,G2,2025-05-24,si
1944,A0034,G2,2025-05-31,si
1945,A0034,G2,2025-05-31,si
1946,A0034,G2,2025-06-07,si
1947,A0034,G2,2025-06-07,si
1948,A0034,G2,2025-06-14,si
1949,A0034,G2,2025-06-14,si
1950,A0034,G2,2025-06-21,si
1951,A0034,G2,2025-06-21,si
1952,A0034,G2,2025-06-28,no
1953,A0034,G2,2025-06-28,si
1954,A0034,G2,2025-07-05,si
1955,A0034,G2,2025-07-05,si
1956,A0034,G2,2025-07-12,no
1957,A0034,G2,2025-07-12,si
1958,A0034,G2,2025-07-19,si
1959,A0034,G2,2025-07-19,no
1960,A0034,G2,2025-07-26,si
1961,A0034,G2,2025-07-26,si
1962,A0034,G2,2025-08-02,no
1963,A0034,G2,2025-08-02,si
1964,A0034,G2,2025-08-09,si
1965,A0034,G2,2025-08-09,no
1966,A0034,G2,2025-08-16,si
1967,A0034,G2,2025-08-16,si
1968,A0035,G6,2024-09-08,si
1969,A0035,G6,2024-09-15,si
1970,A0035,G6,2024-09-22,si
1971,A0035,G6,2024-09-29,si
1972,A0035,G6,2024-10-06,no
1973,A0035,G6,2024-10-13,si
1974,A0035,G6,2024-10-20,no
1975,A0035,G6,2024-10-27,si
1976,A0035,G6,2024-11-03,si
1977,A0035,G6,2024-11-10,si
1978,A0035,G6,2024-11-17,si
1979,A0035,G6,2024-11-24,si
1980,A0035,G6,2024-12-01,no
1981,A0035,G6,2024-12-08,si
1982,A0035,G6,2024-12-15,si
1983,A0035,G6,2024-12-22,no
1984,A0035,G6,2024-12-29,si
1985,A0035,G6,2025-01-05,no
1986,A0035,G6,2025-01-12,no
1987,A0035,G6,2025-01-19,no
1988,A0035,G6,2025-01-26,si
1989,A0035,G6,2025-02-02,no
1990,A0035,G6,2025-02-09,no
1991,A0035,G6,2025-02-16,si
1992,A0035,G6,2025-02-23,si
1993,A0035,G6,2025-03-02,si
1994,A0035,G6,2025-03-09,si
1995,A0035,G6,2025-03-16,si
1996,A0035,G6,2025-03-23,si
1997,A0035,G6,2025-03-30,si
1998,A0035,G6,2025-04-06,si
1999,A0035,G6,2025-04-13,si
2000,A0035,G6,2025-04-20,si
2001,A0035,G6,2025-04-27,si
2002,A0035,G6,2025-05-04,si
2003,A0035,G6,2025-05-11,si
2004,A0035,G6,2025-05-18,si
2005,A0035,G6,2025-05-25,si
2006,A0035,G6,2025-06-01,si
2007,A0035,G6,2025-06-08,si
2008,A0035,G6,2025-06-15,si
2009,A0035,G6,2025-06-22,si
2010,A0035,G6,2025-06-29,si
2011,A0035,G6,2025-07-06,no
2012,A0035,G6,2025-07-13,si
2013,A0035,G6,2025-07-20,si
2014,A0035,G6,2025-07-27,si
2015,A0035,G6,2025-08-03,si
2016,A0035,G6,2025-08-10,si
2017,A0035,G6,2025-08-17,si
2018,A0036,G1,2024-07-05,si
2019,A0036,G1,2024-07-05,si
2020,A0036,G1,2024-07-12,si
2021,A0036,G1,2024-07-12,si
2022,A0036,G1,2024-07-19,no
2023,A0036,G1,2024-07-19,si
2024,A0036,G1,2024-07-26,si
2025,A0036,G1,2024-07-26,si
2026,A0036,G1,2024-08-02,si
2027,A0036,G1,2024-08-02,si
2028,A0036,G1,2024-08-09,si
2029,A0036,G1,2024-08-09,si
2030,A0036,G1,2024-08-16,si
2031,A0036,G1,2024-08-16,si
2032,A0036,G1,2024-08-23,no
2033,A0036,G1,2024-08-23,si
2034,A0036,G1,2024-08-30,si
2035,A0036,G1,2024-08-30,si
2036,A0036,G1,2024-09-06,no
2037,A0036,G1,2024-09-06,si
2038,A0036,G1,2024-09-13,si
2039,A0036,G1,2024-09-13,si
2040,A0036,G1,2024-09-20,si
2041,A0036,G1,2024-09-20,si
2042,A0036,G1,2024-09-27,si
2043,A0036,G1,2024-09-27,si
2044,A0036,G1,2024-10-04,si
2045,A0036,G1,2024-10-04,si
2046,A0036,G1,2024-10-11,si
2047,A0036,G1,2024-10-11,si
2048,A0036,G1,2024-10-18,si
2049,A0036,G1,2024-10-18,no
2050,A0036,G1,2024-10-25,si
2051,A0036,G1,2024-10-25,si
2052,A0036,G1,2024-11-01,no
2053,A0036,G1,2024-11-01,si
2054,A0036,G1,2024-11-08,si
2055,A0036,G1,2024-11-08,si
2056,A0036,G1,2024-11-15,si
2057,A0036,G1,2024-11-15,si
2058,A0036,G1,2024-11-22,si
2059,A0036,G1,2024-11-22,si
2060,A0036,G1,2024-11-29,si
2061,A0036,G1,2024-11-29,si
2062,A0036,G1,2024-12-06,si
2063,A0036,G1,2024-12-06,no
2064,A0036,G1,2024-12-13,si
2065,A0036,G1,2024-12-13,no
2066,A0036,G1,2024-12-20,si
2067,A0036,G1,2024-12-20,si
2068,A0036,G1,2024-12-27,si
2069,A0036,G1,2024-12-27,si
2070,A0036,G1,2025-01-03,no
2071,A0036,G1,2025-01-03,si
2072,A0037,G6,2024-03-31,si
2073,A0037,G6,2024-04-07,si
2074,A0037,G6,2024-04-14,si
2075,A0037,G6,2024-04-21,no
2076,A0037,G6,2024-04-28,si
2077,A0037,G6,2024-05-05,si
2078,A0037,G6,2024-05-12,si
2079,A0037,G6,2024-05-19,si
2080,A0037,G6,2024-05-26,no
2081,A0037,G6,2024-06-02,no
2082,A0037,G6,2024-06-09,si
2083,A0037,G6,2024-06-16,si
2084,A0037,G6,2024-06-23,si
2085,A0037,G6,2024-06-30,si
2086,A0037,G6,2024-07-07,si
2087,A0037,G6,2024-07-14,si
2088,A0037,G6,2024-07-21,si
2089,A0037,G6,2024-07-28,si
2090,A0037,G6,2024-08-04,si
2091,A0037,G6,2024-08-11,si
2092,A0037,G6,2024-08-18,si
2093,A0037,G6,2024-08-25,no
2094,A0037,G6,2024-09-01,no
2095,A0037,G6,2024-09-08,si
2096,A0037,G6,2024-09-15,si
2097,A0037,G6,2024-09-22,si
2098,A0037,G6,2024-09-29,si
2099,A0037,G6,2024-10-06,si
2100,A0037,G6,2024-10-13,si
2101,A0037,G6,2024-10-20,si
2102,A0037,G6,2024-10-27,si
2103,A0037,G6,2024-11-03,no
2104,A0037,G6,2024-11-10,si
2105,A0037,G6,2024-11-17,si
2106,A0037,G6,2024-11-24,no
2107,A0037,G6,2024-12-01,si
2108,A0037,G6,2024-12-08,si
2109,A0037,G6,2024-12-15,si
2110,A0037,G6,2024-12-22,si
2111,A0037,G6,2024-12-29,si
2112,A0037,G6,2025-01-05,si
2113,A0037,G6,2025-01-12,si
2114,A0037,G6,2025-01-19,si
2115,A0037,G6,2025-01-26,si
2116,A0037,G6,2025-02-02,si
2117,A0037,G6,2025-02-09,si
2118,A0037,G6,2025-02-16,si
2119,A0037,G6,2025-02-23,si
2120,A0037,G6,2025-03-02,si
2121,A0037,G6,2025-03-09,si
2122,A0037,G6,2025-03-16,si
2123,A0037,G6,2025-03-23,no
2124,A0037,G6,2025-03-30,si
2125,A0037,G6,2025-04-06,si
2126,A0037,G6,2025-04-13,no
2127,A0037,G6,2025-04-20,si
2128,A0037,G6,2025-04-27,si
2129,A0037,G6,2025-05-04,si
2130,A0037,G6,2025-05-11,si
2131,A0037,G6,2025-05-18,no
2132,A0037,G6,2025-05-25,si
2133,A0037,G6,2025-06-01,no
2134,A0037,G6,2025-06-08,no
2135,A0037,G6,2025-06-15,si
2136,A0037,G6,2025-06-22,no
2137,A0037,G6,2025-06-29,si
2138,A0038,G2,2024-07-21,si
2139,A0038,G2,2024-07-21,si
2140,A0038,G2,2024-07-28,no
2141,A0038,G2,2024-07-28,si
2142,A0038,G2,2024-08-04,si
2143,A0038,G2,2024-08-04,si
2144,A0038,G2,2024-08-11,si
2145,A0038,G2,2024-08-11,no
2146,A0038,G2,2024-08-18,si
2147,A0038,G2,2024-08-18,si
2148,A0038,G2,2024-08-25,si
2149,A0038,G2,2024-08-25,no
2150,A0038,G2,2024-09-01,si
2151,A0038,G2,2024-09-01,no
2152,A0038,G2,2024-09-08,si
2153,A0038,G2,2024-09-08,si
2154,A0038,G2,2024-09-15,si
2155,A0038,G2,2024-09-15,si
2156,A0038,G2,2024-09-22,si
2157,A0038,G2,2024-09-22,si
2158,A0038,G2,2024-09-29,no
2159,A0038,G2,2024-09-29,si
2160,A0038,G2,2024-10-06,si
2161,A0038,G2,2024-10-06,si
2162,A0038,G2,2024-10-13,si
2163,A0038,G2,2024-10-13,si
2164,A0038,G2,2024-10-20,si
2165,A0038,G2,2024-10-20,si
2166,A0038,G2,2024-10-27,si
2167,A0038,G2,2024-10-27,si
2168,A0038,G2,2024-11-03,si
2169,A0038,G2,2024-11-03,no
2170,A0038,G2,2024-11-10,no
2171,A0038,G2,2024-11-10,si
2172,A0038,G2,2024-11-17,si
2173,A0038,G2,2024-11-17,si
2174,A0038,G2,2024-11-24,si
2175,A0038,G2,2024-11-24,si
2176,A0038,G2,2024-12-01,si
2177,A0038,G2,2024-12-01,si
2178,A0038,G2,2024-12-08,si
2179,A0038,G2,2024-12-08,si
2180,A0038,G2,2024-12-15,si
2181,A0038,G2,2024-12-15,no
2182,A0038,G2,2024-12-22,no
2183,A0038,G2,2024-12-22,si
2184,A0038,G2,2024-12-29,si
2185,A0038,G2,2024-12-29,si
2186,A0038,G2,2025-01-05,si
2187,A0038,G2,2025-01-05,si
2188,A0038,G2,2025-01-12,no
2189,A0038,G2,2025-01-12,si
2190,A0038,G2,2025-01-19,si
2191,A0038,G2,2025-01-19,si
2192,A0038,G2,2025-01-26,si
2193,A0038,G2,2025-01-26,si
2194,A0038,G2,2025-02-02,si
2195,A0038,G2,2025-02-02,si
2196,A0038,G2,2025-02-09,si
2197,A0038,G2,2025-02-09,si
2198,A0038,G2,2025-02-16,si
2199,A0038,G2,2025-02-16,si
2200,A0038,G2,2025-02-23,no
2201,A0038,G2,2025-02-23,si
2202,A0038,G2,2025-03-02,no
2203,A0038,G2,2025-03-02,no
2204,A0038,G2,2025-03-09,si
2205,A0038,G2,2025-03-09,si
2206,A0038,G2,2025-03-16,si
2207,A0038,G2,2025-03-16,si
2208,A0038,G2,2025-03-23,si
2209,A0038,G2,2025-03-23,si
2210,A0038,G2,2025-03-30,no
2211,A0038,G2,2025-03-30,si
2212,A0038,G2,2025-04-06,si
2213,A0038,G2,2025-04-06,si
2214,A0038,G2,2025-04-13,si
2215,A0038,G2,2025-04-13,si
2216,A0038,G2,2025-04-20,si
2217,A0038,G2,2025-04-20,si
2218,A0038,G2,2025-04-27,si
2219,A0038,G2,2025-04-27,si
2220,A0038,G2,2025-05-04,si
2221,A0038,G2,2025-05-04,si
2222,A0038,G2,2025-05-11,no
2223,A0038,G2,2025-05-11,no
2224,A0038,G2,2025-05-18,si
2225,A0038,G2,2025-05-18,si
2226,A0038,G2,2025-05-25,si
2227,A0038,G2,2025-05-25,si
2228,A0038,G2,2025-06-01,si
2229,A0038,G2,2025-06-01,no
2230,A0038,G2,2025-06-08,si
2231,A0038,G2,2025-06-08,si
2232,A0038,G2,2025-06-15,si
2233,A0038,G2,2025-06-15,si
2234,A0038,G2,2025-06-22,si
2235,A0038,G2,2025-06-22,si
2236,A0038,G2,2025-06-29,si
2237,A0038,G2,2025-06-29,si
2238,A0038,G2,2025-07-06,si
2239,A0038,G2,2025-07-06,si
2240,A0038,G2,2025-07-13,si
2241,A0038,G2,2025-07-13,no
2242,A0038,G2,2025-07-20,si
2243,A0038,G2,2025-07-20,si
2244,A0038,G2,2025-07-27,si
2245,A0038,G2,2025-07-27,si
2246,A0038,G2,2025-08-03,si
2247,A0038,G2,2025-08-03,si
2248,A0038,G2,2025-08-10,no
2249,A0038,G2,2025-08-10,si
2250,A0038,G2,2025-08-17,si
2251,A0038,G2,2025-08-17,no
2252,A0039,G2,2025-03-06,si
2253,A0039,G2,2025-03-06,si
2254,A0039,G2,2025-03-13,si
2255,A0039,G2,2025-03-13,si
2256,A0039,G2,2025-03-20,si
2257,A0039,G2,2025-03-20,no
2258,A0039,G2,2025-03-27,no
2259,A0039,G2,2025-03-27,si
2260,A0039,G2,2025-04-03,si
2261,A0039,G2,2025-04-03,si
2262,A0039,G2,2025-04-10,si
2263,A0039,G2,2025-04-10,si
2264,A0039,G2,2025-04-17,si
2265,A0039,G2,2025-04-17,si
2266,A0039,G2,2025-04-24,si
2267,A0039,G2,2025-04-24,si
2268,A0039,G2,2025-05-01,si
2269,A0039,G2,2025-05-01,si
2270,A0039,G2,2025-05-08,si
2271,A0039,G2,2025-05-08,no
2272,A0039,G2,2025-05-15,si
2273,A0039,G2,2025-05-15,si
2274,A0039,G2,2025-05-22,no
2275,A0039,G2,2025-05-22,si
2276,A0039,G2,2025-05-29,no
2277,A0039,G2,2025-05-29,si
2278,A0039,G2,2025-06-05,si
2279,A0039,G2,2025-06-05,si
2280,A0039,G2,2025-06-12,si
2281,A0039,G2,2025-06-12,si
2282,A0039,G2,2025-06-19,si
2283,A0039,G2,2025-06-19,si
2284,A0039,G2,2025-06-26,no
2285,A0039,G2,2025-06-26,si
2286,A0039,G2,2025-07-03,no
2287,A0039,G2,2025-07-03,si
2288,A0039,G2,2025-07-10,si
2289,A0039,G2,2025-07-10,si
2290,A0039,G2,2025-07-17,si
2291,A0039,G2,2025-07-17,si
2292,A0039,G2,2025-07-24,si
2293,A0039,G2,2025-07-24,no
2294,A0039,G2,2025-07-31,si
2295,A0039,G2,2025-07-31,si
2296,A0039,G2,2025-08-07,si
2297,A0039,G2,2025-08-07,si
2298,A0039,G2,2025-08-14,si
2299,A0039,G2,2025-08-14,si
2300,A0040,G4,2024-07-03,si
2301,A0040,G4,2024-07-03,no
2302,A0040,G4,2024-07-10,si
2303,A0040,G4,2024-07-10,si
2304,A0040,G4,2024-07-17,si
2305,A0040,G4,2024-07-17,si
2306,A0040,G4,2024-07-24,si
2307,A0040,G4,2024-07-24,si
2308,A0040,G4,2024-07-31,si
2309,A0040,G4,2024-07-31,no
2310,A0040,G4,2024-08-07,si
2311,A0040,G4,2024-08-07,si
2312,A0040,G4,2024-08-14,si
2313,A0040,G4,2024-08-14,si
2314,A0040,G4,2024-08-21,si
2315,A0040,G4,2024-08-21,si
2316,A0040,G4,2024-08-28,si
2317,A0040,G4,2024-08-28,si
2318,A0040,G4,2024-09-04,si
2319,A0040,G4,2024-09-04,si
2320,A0040,G4,2024-09-11,si
2321,A0040,G4,2024-09-11,si
2322,A0040,G4,2024-09-18,si
2323,A0040,G4,2024-09-18,si
2324,A0040,G4,2024-09-25,si
2325,A0040,G4,2024-09-25,si
2326,A0040,G4,2024-10-02,si
2327,A0040,G4,2024-10-02,si
2328,A0040,G4,2024-10-09,si
2329,A0040,G4,2024-10-09,si
2330,A0040,G4,2024-10-16,si
2331,A0040,G4,2024-10-16,si
2332,A0040,G4,2024-10-23,si
2333,A0040,G4,2024-10-23,si
2334,A0040,G4,2024-10-30,si
2335,A0040,G4,2024-10-30,si
2336,A0040,G4,2024-11-06,si
2337,A0040,G4,2024-11-06,no
2338,A0040,G4,2024-11-13,si
2339,A0040,G4,2024-11-13,no
2340,A0040,G4,2024-11-20,si
2341,A0040,G4,2024-11-20,no
2342,A0040,G4,2024-11-27,no
2343,A0040,G4,2024-11-27,si
2344,A0040,G4,2024-12-04,si
2345,A0040,G4,2024-12-04,si
2346,A0040,G4,2024-12-11,si
2347,A0040,G4,2024-12-11,si
2348,A0040,G4,2024-12-18,si
2349,A0040,G4,2024-12-18,si
2350,A0040,G4,2024-12-25,si
2351,A0040,G4,2024-12-25,si
2352,A0040,G4,2025-01-01,si
2353,A0040,G4,2025-01-01,no
2354,A0040,G4,2025-01-08,si
2355,A0040,G4,2025-01-08,si
2356,A0040,G4,2025-01-15,no
2357,A0040,G4,2025-01-15,si
2358,A0040,G4,2025-01-22,si
2359,A0040,G4,2025-01-22,si
2360,A0040,G4,2025-01-29,si
2361,A0040,G4,2025-01-29,si
2362,A0040,G4,2025-02-05,si
2363,A0040,G4,2025-02-05,si
2364,A0040,G4,2025-02-12,si
2365,A0040,G4,2025-02-12,si
2366,A0040,G4,2025-02-19,si
2367,A0040,G4,2025-02-19,si
2368,A0040,G4,2025-02-26,si
2369,A0040,G4,2025-02-26,si
2370,A0040,G4,2025-03-05,no
2371,A0040,G4,2025-03-05,si
2372,A0040,G4,2025-03-12,si
2373,A0040,G4,2025-03-12,si
2374,A0040,G4,2025-03-19,si
2375,A0040,G4,2025-03-19,si
2376,A0040,G4,2025-03-26,si
2377,A0040,G4,2025-03-26,si
2378,A0040,G4,2025-04-02,si
2379,A0040,G4,2025-04-02,si
2380,A0040,G4,2025-04-09,si
2381,A0040,G4,2025-04-09,si
2382,A0040,G4,2025-04-16,si
2383,A0040,G4,2025-04-16,si
2384,A0040,G4,2025-04-23,no
2385,A0040,G4,2025-04-23,si
2386,A0040,G4,2025-04-30,si
2387,A0040,G4,2025-04-30,si
2388,A0040,G4,2025-05-07,si
2389,A0040,G4,2025-05-07,si
2390,A0040,G4,2025-05-14,si
2391,A0040,G4,2025-05-14,si
2392,A0040,G4,2025-05-21,no
2393,A0040,G4,2025-05-21,si
2394,A0040,G4,2025-05-28,si
2395,A0040,G4,2025-05-28,si
2396,A0040,G4,2025-06-04,si
2397,A0040,G4,2025-06-04,si
2398,A0040,G4,2025-06-11,si
2399,A0040,G4,2025-06-11,si
2400,A0040,G4,2025-06-18,si
2401,A0040,G4,2025-06-18,si
2402,A0040,G4,2025-06-25,si
2403,A0040,G4,2025-06-25,si
2404,A0040,G4,2025-07-02,no
2405,A0040,G4,2025-07-02,si
2406,A0040,G4,2025-07-09,si
2407,A0040,G4,2025-07-09,si
2408,A0040,G4,2025-07-16,si
2409,A0040,G4,2025-07-16,si
2410,A0040,G4,2025-07-23,si
2411,A0040,G4,2025-07-23,si
2412,A0040,G4,2025-07-30,si
2413,A0040,G4,2025-07-30,si
2414,A0040,G4,2025-08-06,si
2415,A0040,G4,2025-08-06,si
2416,A0040,G4,2025-08-13,si
2417,A0040,G4,2025-08-13,si
2418,A0041,G2,2024-04-18,si
2419,A0041,G2,2024-04-18,no
2420,A0041,G2,2024-04-25,si
2421,A0041,G2,2024-04-25,si
2422,A0041,G2,2024-05-02,si
2423,A0041,G2,2024-05-02,si
2424,A0041,G2,2024-05-09,si
2425,A0041,G2,2024-05-09,si
2426,A0041,G2,2024-05-16,si
2427,A0041,G2,2024-05-16,si
2428,A0041,G2,2024-05-23,si
2429,A0041,G2,2024-05-23,si
2430,A0041,G2,2024-05-30,si
2431,A0041,G2,2024-05-30,si
2432,A0041,G2,2024-06-06,si
2433,A0041,G2,2024-06-06,si
2434,A0041,G2,2024-06-13,si
2435,A0041,G2,2024-06-13,no
2436,A0041,G2,2024-06-20,si
2437,A0041,G2,2024-06-20,si
2438,A0041,G2,2024-06-27,si
2439,A0041,G2,2024-06-27,si
2440,A0041,G2,2024-07-04,si
2441,A0041,G2,2024-07-04,si
2442,A0041,G2,2024-07-11,si
2443,A0041,G2,2024-07-11,si
2444,A0041,G2,2024-07-18,si
2445,A0041,G2,2024-07-18,si
2446,A0041,G2,2024-07-25,si
2447,A0041,G2,2024-07-25,si
2448,A0041,G2,2024-08-01,si
2449,A0041,G2,2024-08-01,si
2450,A0041,G2,2024-08-08,no
2451,A0041,G2,2024-08-08,si
2452,A0041,G2,2024-08-15,si
2453,A0041,G2,2024-08-15,no
2454,A0041,G2,2024-08-22,no
2455,A0041,G2,2024-08-22,si
2456,A0041,G2,2024-08-29,no
2457,A0041,G2,2024-08-29,no
2458,A0041,G2,2024-09-05,si
2459,A0041,G2,2024-09-05,si
2460,A0041,G2,2024-09-12,si
2461,A0041,G2,2024-09-12,si
2462,A0041,G2,2024-09-19,si
2463,A0041,G2,2024-09-19,si
2464,A0041,G2,2024-09-26,si
2465,A0041,G2,2024-09-26,no
2466,A0041,G2,2024-10-03,si
2467,A0041,G2,2024-10-03,si
2468,A0041,G2,2024-10-10,no
2469,A0041,G2,2024-10-10,si
2470,A0041,G2,2024-10-17,si
2471,A0041,G2,2024-10-17,si
2472,A0041,G2,2024-10-24,si
2473,A0041,G2,2024-10-24,si
2474,A0041,G2,2024-10-31,si
2475,A0041,G2,2024-10-31,si
2476,A0041,G2,2024-11-07,si
2477,A0041,G2,2024-11-07,si
2478,A0041,G2,2024-11-14,si
2479,A0041,G2,2024-11-14,no
2480,A0041,G2,2024-11-21,no
2481,A0041,G2,2024-11-21,no
2482,A0041,G2,2024-11-28,si
2483,A0041,G2,2024-11-28,si
2484,A0041,G2,2024-12-05,no
2485,A0041,G2,2024-12-05,no
2486,A0042,G6,2024-03-28,si
2487,A0042,G6,2024-04-04,si
2488,A0042,G6,2024-04-11,si
2489,A0042,G6,2024-04-18,si
2490,A0042,G6,2024-04-25,no
2491,A0042,G6,2024-05-02,si
2492,A0042,G6,2024-05-09,si
2493,A0042,G6,2024-05-16,si
2494,A0042,G6,2024-05-23,si
2495,A0042,G6,2024-05-30,si
2496,A0042,G6,2024-06-06,si
2497,A0042,G6,2024-06-13,si
2498,A0042,G6,2024-06-20,si
2499,A0042,G6,2024-06-27,si
2500,A0042,G6,2024-07-04,si
2501,A0042,G6,2024-07-11,si
2502,A0042,G6,2024-07-18,si
2503,A0042,G6,2024-07-25,si
2504,A0042,G6,2024-08-01,si
2505,A0042,G6,2024-08-08,si
2506,A0042,G6,2024-08-15,si
2507,A0042,G6,2024-08-22,si
2508,A0042,G6,2024-08-29,si
2509,A0042,G6,2024-09-05,si
2510,A0042,G6,2024-09-12,si
2511,A0042,G6,2024-09-19,si
2512,A0042,G6,2024-09-26,si
2513,A0042,G6,2024-10-03,no
2514,A0042,G6,2024-10-10,si
2515,A0042,G6,2024-10-17,no
2516,A0042,G6,2024-10-24,si
2517,A0042,G6,2024-10-31,si
2518,A0042,G6,2024-11-07,si
2519,A0042,G6,2024-11-14,si
2520,A0042,G6,2024-11-21,no
2521,A0042,G6,2024-11-28,si
2522,A0042,G6,2024-12-05,si
2523,A0042,G6,2024-12-12,si
2524,A0042,G6,2024-12-19,si
2525,A0042,G6,2024-12-26,no
2526,A0042,G6,2025-01-02,si
2527,A0042,G6,2025-01-09,no
2528,A0042,G6,2025-01-16,si
2529,A0042,G6,2025-01-23,no
2530,A0042,G6,2025-01-30,si
2531,A0042,G6,2025-02-06,si
2532,A0042,G6,2025-02-13,si
2533,A0042,G6,2025-02-20,si
2534,A0042,G6,2025-02-27,si
2535,A0042,G6,2025-03-06,si
2536,A0042,G6,2025-03-13,si
2537,A0042,G6,2025-03-20,si
2538,A0042,G6,2025-03-27,si
2539,A0042,G6,2025-04-03,si
2540,A0042,G6,2025-04-10,si
2541,A0042,G6,2025-04-17,si
2542,A0042,G6,2025-04-24,si
2543,A0042,G6,2025-05-01,si
2544,A0042,G6,2025-05-08,si
2545,A0042,G6,2025-05-15,si
2546,A0042,G6,2025-05-22,no
2547,A0042,G6,2025-05-29,si
2548,A0042,G6,2025-06-05,no
2549,A0042,G6,2025-06-12,si
2550,A0042,G6,2025-06-19,si
2551,A0042,G6,2025-06-26,si
2552,A0042,G6,2025-07-03,si
2553,A0042,G6,2025-07-10,si
2554,A0042,G6,2025-07-17,si
2555,A0042,G6,2025-07-24,si
2556,A0042,G6,2025-07-31,si
2557,A0042,G6,2025-08-07,no
2558,A0042,G6,2025-08-14,si
2559,A0043,G1,2024-04-01,si
2560,A0043,G1,2024-04-01,si
2561,A0043,G1,2024-04-08,si
2562,A0043,G1,2024-04-08,no
2563,A0043,G1,2024-04-15,no
2564,A0043,G1,2024-04-15,no
2565,A0043,G1,2024-04-22,si
2566,A0043,G1,2024-04-22,si
2567,A0043,G1,2024-04-29,si
2568,A0043,G1,2024-04-29,si
2569,A0043,G1,2024-05-06,si
2570,A0043,G1,2024-05-06,si
2571,A0043,G1,2024-05-13,si
2572,A0043,G1,2024-05-13,si
2573,A0043,G1,2024-05-20,si
2574,A0043,G1,2024-05-20,si
2575,A0043,G1,2024-05-27,no
2576,A0043,G1,2024-05-27,si
2577,A0043,G1,2024-06-03,si
2578,A0043,G1,2024-06-03,si
2579,A0043,G1,2024-06-10,si
2580,A0043,G1,2024-06-10,si
2581,A0043,G1,2024-06-17,si
2582,A0043,G1,2024-06-17,si
2583,A0043,G1,2024-06-24,si
2584,A0043,G1,2024-06-24,si
2585,A0043,G1,2024-07-01,no
2586,A0043,G1,2024-07-01,si
2587,A0043,G1,2024-07-08,no
2588,A0043,G1,2024-07-08,si
2589,A0043,G1,2024-07-15,si
2590,A0043,G1,2024-07-15,si
2591,A0043,G1,2024-07-22,si
2592,A0043,G1,2024-07-22,si
2593,A0043,G1,2024-07-29,si
2594,A0043,G1,2024-07-29,si
2595,A0043,G1,2024-08-05,si
2596,A0043,G1,2024-08-05,si
2597,A0043,G1,2024-08-12,no
2598,A0043,G1,2024-08-12,si
2599,A0043,G1,2024-08-19,si
2600,A0043,G1,2024-08-19,si
2601,A0043,G1,2024-08-26,si
2602,A0043,G1,2024-08-26,si
2603,A0043,G1,2024-09-02,si
2604,A0043,G1,2024-09-02,si
2605,A0043,G1,2024-09-09,si
2606,A0043,G1,2024-09-09,si
2607,A0043,G1,2024-09-16,si
2608,A0043,G1,2024-09-16,si
2609,A0043,G1,2024-09-23,si
2610,A0043,G1,2024-09-23,si
2611,A0043,G1,2024-09-30,no
2612,A0043,G1,2024-09-30,si
2613,A0043,G1,2024-10-07,si
2614,A0043,G1,2024-10-07,si
2615,A0043,G1,2024-10-14,si
2616,A0043,G1,2024-10-14,si
2617,A0043,G1,2024-10-21,si
2618,A0043,G1,2024-10-21,si
2619,A0043,G1,2024-10-28,si
2620,A0043,G1,2024-10-28,si
2621,A0043,G1,2024-11-04,no
2622,A0043,G1,2024-11-04,si
2623,A0043,G1,2024-11-11,si
2624,A0043,G1,2024-11-11,si
2625,A0043,G1,2024-11-18,si
2626,A0043,G1,2024-11-18,no
2627,A0043,G1,2024-11-25,si
2628,A0043,G1,2024-11-25,si
2629,A0043,G1,2024-12-02,si
2630,A0043,G1,2024-12-02,si
2631,A0043,G1,2024-12-09,si
2632,A0043,G1,2024-12-09,si
2633,A0043,G1,2024-12-16,si
2634,A0043,G1,2024-12-16,si
2635,A0043,G1,2024-12-23,si
2636,A0043,G1,2024-12-23,no
2637,A0043,G1,2024-12-30,si
2638,A0043,G1,2024-12-30,si
2639,A0043,G1,2025-01-06,si
2640,A0043,G1,2025-01-06,si
2641,A0043,G1,2025-01-13,si
2642,A0043,G1,2025-01-13,si
2643,A0043,G1,2025-01-20,si
2644,A0043,G1,2025-01-20,no
2645,A0043,G1,2025-01-27,no
2646,A0043,G1,2025-01-27,si
2647,A0043,G1,2025-02-03,si
2648,A0043,G1,2025-02-03,si
2649,A0043,G1,2025-02-10,si
2650,A0043,G1,2025-02-10,si
2651,A0043,G1,2025-02-17,si
2652,A0043,G1,2025-02-17,si
2653,A0043,G1,2025-02-24,no
2654,A0043,G1,2025-02-24,si
2655,A0043,G1,2025-03-03,si
2656,A0043,G1,2025-03-03,si
2657,A0043,G1,2025-03-10,no
2658,A0043,G1,2025-03-10,no
2659,A0043,G1,2025-03-17,si
2660,A0043,G1,2025-03-17,si
2661,A0043,G1,2025-03-24,si
2662,A0043,G1,2025-03-24,si
2663,A0043,G1,2025-03-31,si
2664,A0043,G1,2025-03-31,si
2665,A0043,G1,2025-04-07,si
2666,A0043,G1,2025-04-07,no
2667,A0043,G1,2025-04-14,no
2668,A0043,G1,2025-04-14,si
2669,A0043,G1,2025-04-21,si
2670,A0043,G1,2025-04-21,si
2671,A0043,G1,2025-04-28,si
2672,A0043,G1,2025-04-28,si
2673,A0043,G1,2025-05-05,si
2674,A0043,G1,2025-05-05,si
2675,A0043,G1,2025-05-12,si
2676,A0043,G1,2025-05-12,si
2677,A0043,G1,2025-05-19,si
2678,A0043,G1,2025-05-19,si
2679,A0043,G1,2025-05-26,no
2680,A0043,G1,2025-05-26,si
2681,A0043,G1,2025-06-02,si
2682,A0043,G1,2025-06-02,si
2683,A0043,G1,2025-06-09,si
2684,A0043,G1,2025-06-09,si
2685,A0043,G1,2025-06-16,no
2686,A0043,G1,2025-06-16,si
2687,A0043,G1,2025-06-23,si
2688,A0043,G1,2025-06-23,si
2689,A0043,G1,2025-06-30,si
2690,A0043,G1,2025-06-30,si
2691,A0043,G1,2025-07-07,si
2692,A0043,G1,2025-07-07,si
2693,A0043,G1,2025-07-14,no
2694,A0043,G1,2025-07-14,si
2695,A0043,G1,2025-07-21,si
2696,A0043,G1,2025-07-21,si
2697,A0043,G1,2025-07-28,no
2698,A0043,G1,2025-07-28,si
2699,A0043,G1,2025-08-04,si
2700,A0043,G1,2025-08-04,si
2701,A0043,G1,2025-08-11,si
2702,A0043,G1,2025-08-11,si
2703,A0044,G1,2024-07-06,si
2704,A0044,G1,2024-07-06,no
2705,A0044,G1,2024-07-13,si
2706,A0044,G1,2024-07-13,si
2707,A0044,G1,2024-07-20,si
2708,A0044,G1,2024-07-20,si
2709,A0044,G1,2024-07-27,si
2710,A0044,G1,2024-07-27,si
2711,A0044,G1,2024-08-03,si
2712,A0044,G1,2024-08-03,si
2713,A0044,G1,2024-08-10,si
2714,A0044,G1,2024-08-10,si
2715,A0044,G1,2024-08-17,no
2716,A0044,G1,2024-08-17,no
2717,A0044,G1,2024-08-24,no
2718,A0044,G1,2024-08-24,si
2719,A0044,G1,2024-08-31,si
2720,A0044,G1,2024-08-31,si
2721,A0044,G1,2024-09-07,no
2722,A0044,G1,2024-09-07,si
2723,A0044,G1,2024-09-14,no
2724,A0044,G1,2024-09-14,si
2725,A0044,G1,2024-09-21,no
2726,A0044,G1,2024-09-21,no
2727,A0044,G1,2024-09-28,si
2728,A0044,G1,2024-09-28,si
2729,A0045,G4,2024-07-06,si
2730,A0045,G4,2024-07-06,si
2731,A0045,G4,2024-07-13,si
2732,A0045,G4,2024-07-13,si
2733,A0045,G4,2024-07-20,si
2734,A0045,G4,2024-07-20,si
2735,A0045,G4,2024-07-27,si
2736,A0045,G4,2024-07-27,si
2737,A0045,G4,2024-08-03,si
2738,A0045,G4,2024-08-03,no
2739,A0045,G4,2024-08-10,si
2740,A0045,G4,2024-08-10,no
2741,A0045,G4,2024-08-17,si
2742,A0045,G4,2024-08-17,no
2743,A0045,G4,2024-08-24,no
2744,A0045,G4,2024-08-24,no
2745,A0045,G4,2024-08-31,si
2746,A0045,G4,2024-08-31,no
2747,A0045,G4,2024-09-07,si
2748,A0045,G4,2024-09-07,si
2749,A0045,G4,2024-09-14,si
2750,A0045,G4,2024-09-14,no
2751,A0045,G4,2024-09-21,si
2752,A0045,G4,2024-09-21,si
2753,A0045,G4,2024-09-28,si
2754,A0045,G4,2024-09-28,si
2755,A0045,G4,2024-10-05,si
2756,A0045,G4,2024-10-05,si
2757,A0045,G4,2024-10-12,si
2758,A0045,G4,2024-10-12,si
2759,A0045,G4,2024-10-19,si
2760,A0045,G4,2024-10-19,si
2761,A0045,G4,2024-10-26,si
2762,A0045,G4,2024-10-26,si
2763,A0045,G4,2024-11-02,si
2764,A0045,G4,2024-11-02,si
2765,A0045,G4,2024-11-09,si
2766,A0045,G4,2024-11-09,si
2767,A0045,G4,2024-11-16,si
2768,A0045,G4,2024-11-16,no
2769,A0045,G4,2024-11-23,no
2770,A0045,G4,2024-11-23,si
2771,A0045,G4,2024-11-30,si
2772,A0045,G4,2024-11-30,si
2773,A0045,G4,2024-12-07,si
2774,A0045,G4,2024-12-07,si
2775,A0045,G4,2024-12-14,si
2776,A0045,G4,2024-12-14,no
2777,A0045,G4,2024-12-21,si
2778,A0045,G4,2024-12-21,si
2779,A0045,G4,2024-12-28,si
2780,A0045,G4,2024-12-28,si
2781,A0045,G4,2025-01-04,si
2782,A0045,G4,2025-01-04,si
2783,A0045,G4,2025-01-11,no
2784,A0045,G4,2025-01-11,si
2785,A0045,G4,2025-01-18,si
2786,A0045,G4,2025-01-18,si
2787,A0045,G4,2025-01-25,si
2788,A0045,G4,2025-01-25,si
2789,A0045,G4,2025-02-01,si
2790,A0045,G4,2025-02-01,no
2791,A0045,G4,2025-02-08,si
2792,A0045,G4,2025-02-08,si
2793,A0045,G4,2025-02-15,si
2794,A0045,G4,2025-02-15,no
2795,A0045,G4,2025-02-22,si
2796,A0045,G4,2025-02-22,si
2797,A0045,G4,2025-03-01,si
2798,A0045,G4,2025-03-01,no
2799,A0045,G4,2025-03-08,si
2800,A0045,G4,2025-03-08,si
2801,A0045,G4,2025-03-15,si
2802,A0045,G4,2025-03-15,si
2803,A0045,G4,2025-03-22,si
2804,A0045,G4,2025-03-22,si
2805,A0045,G4,2025-03-29,si
2806,A0045,G4,2025-03-29,si
2807,A0045,G4,2025-04-05,si
2808,A0045,G4,2025-04-05,si
2809,A0045,G4,2025-04-12,si
2810,A0045,G4,2025-04-12,si
2811,A0045,G4,2025-04-19,si
2812,A0045,G4,2025-04-19,si
2813,A0045,G4,2025-04-26,si
2814,A0045,G4,2025-04-26,si
2815,A0045,G4,2025-05-03,si
2816,A0045,G4,2025-05-03,si
2817,A0045,G4,2025-05-10,si
2818,A0045,G4,2025-05-10,si
2819,A0045,G4,2025-05-17,si
2820,A0045,G4,2025-05-17,si
2821,A0045,G4,2025-05-24,si
2822,A0045,G4,2025-05-24,si
2823,A0045,G4,2025-05-31,si
2824,A0045,G4,2025-05-31,si
2825,A0045,G4,2025-06-07,si
2826,A0045,G4,2025-06-07,si
2827,A0045,G4,2025-06-14,si
2828,A0045,G4,2025-06-14,no
2829,A0045,G4,2025-06-21,si
2830,A0045,G4,2025-06-21,si
2831,A0045,G4,2025-06-28,si
2832,A0045,G4,2025-06-28,si
2833,A0045,G4,2025-07-05,si
2834,A0045,G4,2025-07-05,si
2835,A0045,G4,2025-07-12,si
2836,A0045,G4,2025-07-12,si
2837,A0045,G4,2025-07-19,no
2838,A0045,G4,2025-07-19,si
2839,A0045,G4,2025-07-26,si
2840,A0045,G4,2025-07-26,si
2841,A0045,G4,2025-08-02,si
2842,A0045,G4,2025-08-02,no
2843,A0045,G4,2025-08-09,si
2844,A0045,G4,2025-08-09,si
2845,A0045,G4,2025-08-16,si
2846,A0045,G4,2025-08-16,si
2847,A0046,G5,2024-04-20,si
2848,A0046,G5,2024-04-20,si
2849,A0046,G5,2024-04-27,si
2850,A0046,G5,2024-04-27,si
2851,A0046,G5,2024-05-04,no
2852,A0046,G5,2024-05-04,si
2853,A0046,G5,2024-05-11,si
2854,A0046,G5,2024-05-11,si
2855,A0046,G5,2024-05-18,no
2856,A0046,G5,2024-05-18,si
2857,A0046,G5,2024-05-25,si
2858,A0046,G5,2024-05-25,no
2859,A0046,G5,2024-06-01,si
2860,A0046,G5,2024-06-01,si
2861,A0046,G5,2024-06-08,si
2862,A0046,G5,2024-06-08,no
2863,A0046,G5,2024-06-15,no
2864,A0046,G5,2024-06-15,si
2865,A0046,G5,2024-06-22,si
2866,A0046,G5,2024-06-22,si
2867,A0046,G5,2024-06-29,si
2868,A0046,G5,2024-06-29,no
2869,A0046,G5,2024-07-06,no
2870,A0046,G5,2024-07-06,si
2871,A0046,G5,2024-07-13,si
2872,A0046,G5,2024-07-13,si
2873,A0046,G5,2024-07-20,si
2874,A0046,G5,2024-07-20,no
2875,A0046,G5,2024-07-27,no
2876,A0046,G5,2024-07-27,si
2877,A0046,G5,2024-08-03,si
2878,A0046,G5,2024-08-03,si
2879,A0046,G5,2024-08-10,si
2880,A0046,G5,2024-08-10,si
2881,A0046,G5,2024-08-17,si
2882,A0046,G5,2024-08-17,si
2883,A0046,G5,2024-08-24,si
2884,A0046,G5,2024-08-24,si
2885,A0046,G5,2024-08-31,si
2886,A0046,G5,2024-08-31,si
2887,A0046,G5,2024-09-07,no
2888,A0046,G5,2024-09-07,si
2889,A0046,G5,2024-09-14,si
2890,A0046,G5,2024-09-14,si
2891,A0046,G5,2024-09-21,no
2892,A0046,G5,2024-09-21,si
2893,A0046,G5,2024-09-28,si
2894,A0046,G5,2024-09-28,no
2895,A0046,G5,2024-10-05,si
2896,A0046,G5,2024-10-05,si
2897,A0046,G5,2024-10-12,si
2898,A0046,G5,2024-10-12,si
2899,A0046,G5,2024-10-19,si
2900,A0046,G5,2024-10-19,si
2901,A0046,G5,2024-10-26,no
2902,A0046,G5,2024-10-26,no
2903,A0046,G5,2024-11-02,si
2904,A0046,G5,2024-11-02,no
2905,A0046,G5,2024-11-09,si
2906,A0046,G5,2024-11-09,si
2907,A0046,G5,2024-11-16,no
2908,A0046,G5,2024-11-16,si
2909,A0046,G5,2024-11-23,si
2910,A0046,G5,2024-11-23,si
2911,A0046,G5,2024-11-30,si
2912,A0046,G5,2024-11-30,no
2913,A0046,G5,2024-12-07,si
2914,A0046,G5,2024-12-07,si
2915,A0046,G5,2024-12-14,si
2916,A0046,G5,2024-12-14,si
2917,A0046,G5,2024-12-21,no
2918,A0046,G5,2024-12-21,no
2919,A0046,G5,2024-12-28,si
2920,A0046,G5,2024-12-28,si
2921,A0046,G5,2025-01-04,si
2922,A0046,G5,2025-01-04,si
2923,A0046,G5,2025-01-11,si
2924,A0046,G5,2025-01-11,si
2925,A0046,G5,2025-01-18,si
2926,A0046,G5,2025-01-18,si
2927,A0046,G5,2025-01-25,si
2928,A0046,G5,2025-01-25,si
2929,A0046,G5,2025-02-01,no
2930,A0046,G5,2025-02-01,si
2931,A0046,G5,2025-02-08,si
2932,A0046,G5,2025-02-08,no
2933,A0046,G5,2025-02-15,si
2934,A0046,G5,2025-02-15,si
2935,A0046,G5,2025-02-22,si
2936,A0046,G5,2025-02-22,si
2937,A0046,G5,2025-03-01,si
2938,A0046,G5,2025-03-01,si
2939,A0046,G5,2025-03-08,si
2940,A0046,G5,2025-03-08,si
2941,A0046,G5,2025-03-15,si
2942,A0046,G5,2025-03-15,si
2943,A0046,G5,2025-03-22,si
2944,A0046,G5,2025-03-22,si
2945,A0046,G5,2025-03-29,si
2946,A0046,G5,2025-03-29,si
2947,A0046,G5,2025-04-05,si
2948,A0046,G5,2025-04-05,si
2949,A0046,G5,2025-04-12,si
2950,A0046,G5,2025-04-12,si
2951,A0046,G5,2025-04-19,no
2952,A0046,G5,2025-04-19,si
2953,A0046,G5,2025-04-26,si
2954,A0046,G5,2025-04-26,si
2955,A0046,G5,2025-05-03,si
2956,A0046,G5,2025-05-03,si
2957,A0046,G5,2025-05-10,si
2958,A0046,G5,2025-05-10,si
2959,A0046,G5,2025-05-17,no
2960,A0046,G5,2025-05-17,si
2961,A0046,G5,2025-05-24,no
2962,A0046,G5,2025-05-24,si
2963,A0046,G5,2025-05-31,si
2964,A0046,G5,2025-05-31,si
2965,A0046,G5,2025-06-07,si
2966,A0046,G5,2025-06-07,no
2967,A0046,G5,2025-06-14,no
2968,A0046,G5,2025-06-14,no
2969,A0046,G5,2025-06-21,si
2970,A0046,G5,2025-06-21,no
2971,A0046,G5,2025-06-28,no
2972,A0046,G5,2025-06-28,no
2973,A0046,G5,2025-07-05,si
2974,A0046,G5,2025-07-05,no
2975,A0047,G2,2024-05-25,si
2976,A0047,G2,2024-05-25,si
2977,A0047,G2,2024-06-01,si
2978,A0047,G2,2024-06-01,si
2979,A0047,G2,2024-06-08,si
2980,A0047,G2,2024-06-08,si
2981,A0047,G2,2024-06-15,si
2982,A0047,G2,2024-06-15,si
2983,A0047,G2,2024-06-22,si
2984,A0047,G2,2024-06-22,no
2985,A0047,G2,2024-06-29,si
2986,A0047,G2,2024-06-29,si
2987,A0047,G2,2024-07-06,si
2988,A0047,G2,2024-07-06,si
2989,A0047,G2,2024-07-13,si
2990,A0047,G2,2024-07-13,si
2991,A0047,G2,2024-07-20,si
2992,A0047,G2,2024-07-20,no
2993,A0047,G2,2024-07-27,si
2994,A0047,G2,2024-07-27,si
2995,A0047,G2,2024-08-03,si
2996,A0047,G2,2024-08-03,si
2997,A0047,G2,2024-08-10,si
2998,A0047,G2,2024-08-10,si
2999,A0047,G2,2024-08-17,si
3000,A0047,G2,2024-08-17,si
3001,A0047,G2,2024-08-24,si
3002,A0047,G2,2024-08-24,no
3003,A0047,G2,2024-08-31,si
3004,A0047,G2,2024-08-31,si
3005,A0047,G2,2024-09-07,si
3006,A0047,G2,2024-09-07,no
3007,A0047,G2,2024-09-14,si
3008,A0047,G2,2024-09-14,si
3009,A0047,G2,2024-09-21,si
3010,A0047,G2,2024-09-21,si
3011,A0047,G2,2024-09-28,si
3012,A0047,G2,2024-09-28,no
3013,A0047,G2,2024-10-05,si
3014,A0047,G2,2024-10-05,no
3015,A0047,G2,2024-10-12,si
3016,A0047,G2,2024-10-12,si
3017,A0047,G2,2024-10-19,si
3018,A0047,G2,2024-10-19,si
3019,A0047,G2,2024-10-26,si
3020,A0047,G2,2024-10-26,si
3021,A0047,G2,2024-11-02,si
3022,A0047,G2,2024-11-02,no
3023,A0047,G2,2024-11-09,si
3024,A0047,G2,2024-11-09,si
3025,A0047,G2,2024-11-16,si
3026,A0047,G2,2024-11-16,si
3027,A0047,G2,2024-11-23,si
3028,A0047,G2,2024-11-23,si
3029,A0047,G2,2024-11-30,si
3030,A0047,G2,2024-11-30,si
3031,A0047,G2,2024-12-07,si
3032,A0047,G2,2024-12-07,si
3033,A0047,G2,2024-12-14,no
3034,A0047,G2,2024-12-14,si
3035,A0047,G2,2024-12-21,si
3036,A0047,G2,2024-12-21,si
3037,A0047,G2,2024-12-28,si
3038,A0047,G2,2024-12-28,si
3039,A0047,G2,2025-01-04,si
3040,A0047,G2,2025-01-04,si
3041,A0047,G2,2025-01-11,si
3042,A0047,G2,2025-01-11,si
3043,A0047,G2,2025-01-18,si
3044,A0047,G2,2025-01-18,no
3045,A0047,G2,2025-01-25,si
3046,A0047,G2,2025-01-25,si
3047,A0047,G2,2025-02-01,no
3048,A0047,G2,2025-02-01,si
3049,A0047,G2,2025-02-08,si
3050,A0047,G2,2025-02-08,si
3051,A0047,G2,2025-02-15,si
3052,A0047,G2,2025-02-15,si
3053,A0047,G2,2025-02-22,si
3054,A0047,G2,2025-02-22,si
3055,A0047,G2,2025-03-01,no
3056,A0047,G2,2025-03-01,si
3057,A0047,G2,2025-03-08,si
3058,A0047,G2,2025-03-08,no
3059,A0047,G2,2025-03-15,si
3060,A0047,G2,2025-03-15,no
3061,A0047,G2,2025-03-22,si
3062,A0047,G2,2025-03-22,si
3063,A0047,G2,2025-03-29,si
3064,A0047,G2,2025-03-29,si
3065,A0047,G2,2025-04-05,si
3066,A0047,G2,2025-04-05,si
3067,A0047,G2,2025-04-12,si
3068,A0047,G2,2025-04-12,si
3069,A0047,G2,2025-04-19,no
3070,A0047,G2,2025-04-19,si
3071,A0047,G2,2025-04-26,si
3072,A0047,G2,2025-04-26,si
3073,A0047,G2,2025-05-03,si
3074,A0047,G2,2025-05-03,si
3075,A0047,G2,2025-05-10,si
3076,A0047,G2,2025-05-10,si
3077,A0047,G2,2025-05-17,si
3078,A0047,G2,2025-05-17,si
3079,A0047,G2,2025-05-24,si
3080,A0047,G2,2025-05-24,si
3081,A0047,G2,2025-05-31,si
3082,A0047,G2,2025-05-31,si
3083,A0047,G2,2025-06-07,si
3084,A0047,G2,2025-06-07,si
3085,A0047,G2,2025-06-14,si
3086,A0047,G2,2025-06-14,si
3087,A0047,G2,2025-06-21,si
3088,A0047,G2,2025-06-21,si
3089,A0047,G2,2025-06-28,si
3090,A0047,G2,2025-06-28,si
3091,A0047,G2,2025-07-05,si
3092,A0047,G2,2025-07-05,si
3093,A0047,G2,2025-07-12,no
3094,A0047,G2,2025-07-12,si
3095,A0047,G2,2025-07-19,si
3096,A0047,G2,2025-07-19,si
3097,A0047,G2,2025-07-26,no
3098,A0047,G2,2025-07-26,no
3099,A0047,G2,2025-08-02,si
3100,A0047,G2,2025-08-02,si
3101,A0047,G2,2025-08-09,si
3102,A0047,G2,2025-08-09,si
3103,A0047,G2,2025-08-16,si
3104,A0047,G2,2025-08-16,si
3105,A0048,G4,2025-06-06,no
3106,A0048,G4,2025-06-06,si
3107,A0048,G4,2025-06-13,no
3108,A0048,G4,2025-06-13,si
3109,A0048,G4,2025-06-20,si
3110,A0048,G4,2025-06-20,no
3111,A0049,G6,2025-04-06,si
3112,A0049,G6,2025-04-13,no
3113,A0049,G6,2025-04-20,si
3114,A0049,G6,2025-04-27,si
3115,A0049,G6,2025-05-04,si
3116,A0049,G6,2025-05-11,si
3117,A0049,G6,2025-05-18,si
3118,A0049,G6,2025-05-25,si
3119,A0049,G6,2025-06-01,si
3120,A0049,G6,2025-06-08,si
3121,A0049,G6,2025-06-15,si
3122,A0049,G6,2025-06-22,no
3123,A0049,G6,2025-06-29,si
3124,A0049,G6,2025-07-06,no
3125,A0049,G6,2025-07-13,si
3126,A0049,G6,2025-07-20,si
3127,A0049,G6,2025-07-27,si
3128,A0049,G6,2025-08-03,si
3129,A0049,G6,2025-08-10,si
3130,A0049,G6,2025-08-17,si
3131,A0050,G2,2024-06-06,si
3132,A0050,G2,2024-06-06,si
3133,A0050,G2,2024-06-13,si
3134,A0050,G2,2024-06-13,si
3135,A0050,G2,2024-06-20,no
3136,A0050,G2,2024-06-20,si
3137,A0050,G2,2024-06-27,si
3138,A0050,G2,2024-06-27,si
3139,A0050,G2,2024-07-04,si
3140,A0050,G2,2024-07-04,si
3141,A0050,G2,2024-07-11,si
3142,A0050,G2,2024-07-11,no
3143,A0050,G2,2024-07-18,si
3144,A0050,G2,2024-07-18,si
3145,A0050,G2,2024-07-25,si
3146,A0050,G2,2024-07-25,no
3147,A0050,G2,2024-08-01,si
3148,A0050,G2,2024-08-01,si
3149,A0050,G2,2024-08-08,si
3150,A0050,G2,2024-08-08,si
3151,A0050,G2,2024-08-15,si
3152,A0050,G2,2024-08-15,si
3153,A0050,G2,2024-08-22,si
3154,A0050,G2,2024-08-22,si
3155,A0050,G2,2024-08-29,si
3156,A0050,G2,2024-08-29,no
3157,A0050,G2,2024-09-05,si
3158,A0050,G2,2024-09-05,si
3159,A0050,G2,2024-09-12,no
3160,A0050,G2,2024-09-12,si
3161,A0050,G2,2024-09-19,si
3162,A0050,G2,2024-09-19,si
3163,A0050,G2,2024-09-26,si
3164,A0050,G2,2024-09-26,si
3165,A0050,G2,2024-10-03,si
3166,A0050,G2,2024-10-03,si
3167,A0050,G2,2024-10-10,si
3168,A0050,G2,2024-10-10,si
3169,A0050,G2,2024-10-17,si
3170,A0050,G2,2024-10-17,si
3171,A0050,G2,2024-10-24,si
3172,A0050,G2,2024-10-24,si
3173,A0050,G2,2024-10-31,si
3174,A0050,G2,2024-10-31,si
3175,A0050,G2,2024-11-07,si
3176,A0050,G2,2024-11-07,no
3177,A0050,G2,2024-11-14,si
3178,A0050,G2,2024-11-14,si
3179,A0050,G2,2024-11-21,si
3180,A0050,G2,2024-11-21,si
3181,A0050,G2,2024-11-28,si
3182,A0050,G2,2024-11-28,si
3183,A0050,G2,2024-12-05,si
3184,A0050,G2,2024-12-05,si
3185,A0050,G2,2024-12-12,si
3186,A0050,G2,2024-12-12,si
3187,A0050,G2,2024-12-19,no
3188,A0050,G2,2024-12-19,si
3189,A0050,G2,2024-12-26,si
3190,A0050,G2,2024-12-26,si
3191,A0050,G2,2025-01-02,si
3192,A0050,G2,2025-01-02,si
3193,A0050,G2,2025-01-09,si
3194,A0050,G2,2025-01-09,si
3195,A0050,G2,2025-01-16,si
3196,A0050,G2,2025-01-16,si
3197,A0050,G2,2025-01-23,si
3198,A0050,G2,2025-01-23,si
3199,A0050,G2,2025-01-30,si
3200,A0050,G2,2025-01-30,si
3201,A0050,G2,2025-02-06,no
3202,A0050,G2,2025-02-06,si
3203,A0050,G2,2025-02-13,si
3204,A0050,G2,2025-02-13,si
3205,A0050,G2,2025-02-20,si
3206,A0050,G2,2025-02-20,si
3207,A0050,G2,2025-02-27,si
3208,A0050,G2,2025-02-27,si
3209,A0050,G2,2025-03-06,si
3210,A0050,G2,2025-03-06,si
3211,A0050,G2,2025-03-13,si
3212,A0050,G2,2025-03-13,si
3213,A0050,G2,2025-03-20,si
3214,A0050,G2,2025-03-20,si
3215,A0050,G2,2025-03-27,si
3216,A0050,G2,2025-03-27,si
3217,A0050,G2,2025-04-03,si
3218,A0050,G2,2025-04-03,si
3219,A0050,G2,2025-04-10,si
3220,A0050,G2,2025-04-10,no
3221,A0050,G2,2025-04-17,si
3222,A0050,G2,2025-04-17,si
3223,A0050,G2,2025-04-24,si
3224,A0050,G2,2025-04-24,si
3225,A0050,G2,2025-05-01,si
3226,A0050,G2,2025-05-01,si
3227,A0050,G2,2025-05-08,si
3228,A0050,G2,2025-05-08,si
3229,A0050,G2,2025-05-15,si
3230,A0050,G2,2025-05-15,si
3231,A0050,G2,2025-05-22,si
3232,A0050,G2,2025-05-22,no
3233,A0050,G2,2025-05-29,no
3234,A0050,G2,2025-05-29,no
3235,A0050,G2,2025-06-05,si
3236,A0050,G2,2025-06-05,no
3237,A0050,G2,2025-06-12,si
3238,A0050,G2,2025-06-12,no
3239,A0050,G2,2025-06-19,si
3240,A0050,G2,2025-06-19,si
3241,A0050,G2,2025-06-26,si
3242,A0050,G2,2025-06-26,si
3243,A0050,G2,2025-07-03,si
3244,A0050,G2,2025-07-03,si
3245,A0050,G2,2025-07-10,si
3246,A0050,G2,2025-07-10,si
3247,A0050,G2,2025-07-17,si
3248,A0050,G2,2025-07-17,si
3249,A0050,G2,2025-07-24,no
3250,A0050,G2,2025-07-24,no
3251,A0050,G2,2025-07-31,si
3252,A0050,G2,2025-07-31,si
3253,A0050,G2,2025-08-07,si
3254,A0050,G2,2025-08-07,si
3255,A0050,G2,2025-08-14,si
3256,A0050,G2,2025-08-14,si
3257,A0051,G5,2025-03-12,si
3258,A0051,G5,2025-03-12,si
3259,A0051,G5,2025-03-19,si
3260,A0051,G5,2025-03-19,no
3261,A0051,G5,2025-03-26,si
3262,A0051,G5,2025-03-26,si
3263,A0051,G5,2025-04-02,si
3264,A0051,G5,2025-04-02,si
3265,A0051,G5,2025-04-09,si
3266,A0051,G5,2025-04-09,si
3267,A0051,G5,2025-04-16,si
3268,A0051,G5,2025-04-16,no
3269,A0051,G5,2025-04-23,si
3270,A0051,G5,2025-04-23,si
3271,A0051,G5,2025-04-30,si
3272,A0051,G5,2025-04-30,si
3273,A0051,G5,2025-05-07,si
3274,A0051,G5,2025-05-07,si
3275,A0051,G5,2025-05-14,si
3276,A0051,G5,2025-05-14,si
3277,A0051,G5,2025-05-21,si
3278,A0051,G5,2025-05-21,si
3279,A0051,G5,2025-05-28,si
3280,A0051,G5,2025-05-28,si
3281,A0051,G5,2025-06-04,si
3282,A0051,G5,2025-06-04,no
3283,A0051,G5,2025-06-11,si
3284,A0051,G5,2025-06-11,si
3285,A0051,G5,2025-06-18,si
3286,A0051,G5,2025-06-18,si
3287,A0051,G5,2025-06-25,si
3288,A0051,G5,2025-06-25,si
3289,A0051,G5,2025-07-02,si
3290,A0051,G5,2025-07-02,si
3291,A0051,G5,2025-07-09,si
3292,A0051,G5,2025-07-09,si
3293,A0051,G5,2025-07-16,si
3294,A0051,G5,2025-07-16,si
3295,A0051,G5,2025-07-23,si
3296,A0051,G5,2025-07-23,si
3297,A0051,G5,2025-07-30,si
3298,A0051,G5,2025-07-30,si
3299,A0051,G5,2025-08-06,si
3300,A0051,G5,2025-08-06,si
3301,A0051,G5,2025-08-13,no
3302,A0051,G5,2025-08-13,si
3303,A0052,G1,2024-03-26,si
3304,A0052,G1,2024-03-26,si
3305,A0052,G1,2024-04-02,si
3306,A0052,G1,2024-04-02,no
3307,A0052,G1,2024-04-09,si
3308,A0052,G1,2024-04-09,si
3309,A0052,G1,2024-04-16,si
3310,A0052,G1,2024-04-16,si
3311,A0052,G1,2024-04-23,si
3312,A0052,G1,2024-04-23,si
3313,A0052,G1,2024-04-30,si
3314,A0052,G1,2024-04-30,si
3315,A0052,G1,2024-05-07,no
3316,A0052,G1,2024-05-07,si
3317,A0052,G1,2024-05-14,si
3318,A0052,G1,2024-05-14,si
3319,A0052,G1,2024-05-21,si
3320,A0052,G1,2024-05-21,no
3321,A0052,G1,2024-05-28,si
3322,A0052,G1,2024-05-28,no
3323,A0052,G1,2024-06-04,si
3324,A0052,G1,2024-06-04,si
3325,A0052,G1,2024-06-11,si
3326,A0052,G1,2024-06-11,si
3327,A0052,G1,2024-06-18,si
3328,A0052,G1,2024-06-18,si
3329,A0052,G1,2024-06-25,no
3330,A0052,G1,2024-06-25,no
3331,A0052,G1,2024-07-02,si
3332,A0052,G1,2024-07-02,si
3333,A0052,G1,2024-07-09,si
3334,A0052,G1,2024-07-09,si
3335,A0052,G1,2024-07-16,si
3336,A0052,G1,2024-07-16,si
3337,A0052,G1,2024-07-23,no
3338,A0052,G1,2024-07-23,si
3339,A0052,G1,2024-07-30,si
3340,A0052,G1,2024-07-30,no
3341,A0052,G1,2024-08-06,si
3342,A0052,G1,2024-08-06,si
3343,A0052,G1,2024-08-13,si
3344,A0052,G1,2024-08-13,si
3345,A0052,G1,2024-08-20,si
3346,A0052,G1,2024-08-20,si
3347,A0052,G1,2024-08-27,si
3348,A0052,G1,2024-08-27,si
3349,A0052,G1,2024-09-03,si
3350,A0052,G1,2024-09-03,no
3351,A0052,G1,2024-09-10,no
3352,A0052,G1,2024-09-10,si
3353,A0052,G1,2024-09-17,si
3354,A0052,G1,2024-09-17,si
3355,A0052,G1,2024-09-24,no
3356,A0052,G1,2024-09-24,si
3357,A0052,G1,2024-10-01,si
3358,A0052,G1,2024-10-01,si
3359,A0052,G1,2024-10-08,si
3360,A0052,G1,2024-10-08,si
3361,A0052,G1,2024-10-15,si
3362,A0052,G1,2024-10-15,si
3363,A0052,G1,2024-10-22,si
3364,A0052,G1,2024-10-22,no
3365,A0052,G1,2024-10-29,si
3366,A0052,G1,2024-10-29,si
3367,A0052,G1,2024-11-05,no
3368,A0052,G1,2024-11-05,si
3369,A0052,G1,2024-11-12,si
3370,A0052,G1,2024-11-12,si
3371,A0052,G1,2024-11-19,si
3372,A0052,G1,2024-11-19,si
3373,A0052,G1,2024-11-26,no
3374,A0052,G1,2024-11-26,si
3375,A0052,G1,2024-12-03,no
3376,A0052,G1,2024-12-03,si
3377,A0052,G1,2024-12-10,si
3378,A0052,G1,2024-12-10,si
3379,A0052,G1,2024-12-17,si
3380,A0052,G1,2024-12-17,si
3381,A0052,G1,2024-12-24,si
3382,A0052,G1,2024-12-24,si
3383,A0052,G1,2024-12-31,si
3384,A0052,G1,2024-12-31,si
3385,A0052,G1,2025-01-07,si
3386,A0052,G1,2025-01-07,si
3387,A0052,G1,2025-01-14,si
3388,A0052,G1,2025-01-14,si
3389,A0052,G1,2025-01-21,si
3390,A0052,G1,2025-01-21,si
3391,A0052,G1,2025-01-28,si
3392,A0052,G1,2025-01-28,si
3393,A0052,G1,2025-02-04,si
3394,A0052,G1,2025-02-04,si
3395,A0052,G1,2025-02-11,si
3396,A0052,G1,2025-02-11,si
3397,A0052,G1,2025-02-18,si
3398,A0052,G1,2025-02-18,no
3399,A0052,G1,2025-02-25,si
3400,A0052,G1,2025-02-25,si
3401,A0052,G1,2025-03-04,no
3402,A0052,G1,2025-03-04,si
3403,A0052,G1,2025-03-11,si
3404,A0052,G1,2025-03-11,no
3405,A0052,G1,2025-03-18,si
3406,A0052,G1,2025-03-18,no
3407,A0052,G1,2025-03-25,si
3408,A0052,G1,2025-03-25,si
3409,A0052,G1,2025-04-01,no
3410,A0052,G1,2025-04-01,si
3411,A0052,G1,2025-04-08,si
3412,A0052,G1,2025-04-08,si
3413,A0052,G1,2025-04-15,si
3414,A0052,G1,2025-04-15,si
3415,A0052,G1,2025-04-22,si
3416,A0052,G1,2025-04-22,si
3417,A0052,G1,2025-04-29,si
3418,A0052,G1,2025-04-29,si
3419,A0052,G1,2025-05-06,si
3420,A0052,G1,2025-05-06,si
3421,A0052,G1,2025-05-13,si
3422,A0052,G1,2025-05-13,si
3423,A0052,G1,2025-05-20,no
3424,A0052,G1,2025-05-20,si
3425,A0052,G1,2025-05-27,si
3426,A0052,G1,2025-05-27,si
3427,A0052,G1,2025-06-03,si
3428,A0052,G1,2025-06-03,si
3429,A0052,G1,2025-06-10,si
3430,A0052,G1,2025-06-10,no
3431,A0052,G1,2025-06-17,si
3432,A0052,G1,2025-06-17,si
3433,A0052,G1,2025-06-24,si
3434,A0052,G1,2025-06-24,si
3435,A0052,G1,2025-07-01,no
3436,A0052,G1,2025-07-01,si
3437,A0052,G1,2025-07-08,no
3438,A0052,G1,2025-07-08,si
3439,A0052,G1,2025-07-15,si
3440,A0052,G1,2025-07-15,si
3441,A0052,G1,2025-07-22,si
3442,A0052,G1,2025-07-22,no
3443,A0052,G1,2025-07-29,si
3444,A0052,G1,2025-07-29,si
3445,A0052,G1,2025-08-05,no
3446,A0052,G1,2025-08-05,si
3447,A0052,G1,2025-08-12,si
3448,A0052,G1,2025-08-12,si
3449,A0053,G5,2024-05-20,no
3450,A0053,G5,2024-05-20,si
3451,A0053,G5,2024-05-27,si
3452,A0053,G5,2024-05-27,no
3453,A0053,G5,2024-06-03,si
3454,A0053,G5,2024-06-03,si
3455,A0053,G5,2024-06-10,si
3456,A0053,G5,2024-06-10,si
3457,A0053,G5,2024-06-17,no
3458,A0053,G5,2024-06-17,si
3459,A0053,G5,2024-06-24,si
3460,A0053,G5,2024-06-24,si
3461,A0053,G5,2024-07-01,si
3462,A0053,G5,2024-07-01,si
3463,A0053,G5,2024-07-08,no
3464,A0053,G5,2024-07-08,si
3465,A0053,G5,2024-07-15,si
3466,A0053,G5,2024-07-15,si
3467,A0053,G5,2024-07-22,si
3468,A0053,G5,2024-07-22,si
3469,A0053,G5,2024-07-29,si
3470,A0053,G5,2024-07-29,si
3471,A0053,G5,2024-08-05,si
3472,A0053,G5,2024-08-05,si
3473,A0053,G5,2024-08-12,si
3474,A0053,G5,2024-08-12,si
3475,A0053,G5,2024-08-19,si
3476,A0053,G5,2024-08-19,si
3477,A0053,G5,2024-08-26,si
3478,A0053,G5,2024-08-26,si
3479,A0053,G5,2024-09-02,si
3480,A0053,G5,2024-09-02,si
3481,A0053,G5,2024-09-09,si
3482,A0053,G5,2024-09-09,si
3483,A0053,G5,2024-09-16,si
3484,A0053,G5,2024-09-16,no
3485,A0053,G5,2024-09-23,si
3486,A0053,G5,2024-09-23,si
3487,A0053,G5,2024-09-30,si
3488,A0053,G5,2024-09-30,si
3489,A0053,G5,2024-10-07,si
3490,A0053,G5,2024-10-07,si
3491,A0053,G5,2024-10-14,si
3492,A0053,G5,2024-10-14,no
3493,A0053,G5,2024-10-21,si
3494,A0053,G5,2024-10-21,si
3495,A0053,G5,2024-10-28,si
3496,A0053,G5,2024-10-28,si
3497,A0053,G5,2024-11-04,no
3498,A0053,G5,2024-11-04,si
3499,A0053,G5,2024-11-11,si
3500,A0053,G5,2024-11-11,si
3501,A0053,G5,2024-11-18,no
3502,A0053,G5,2024-11-18,si
3503,A0053,G5,2024-11-25,si
3504,A0053,G5,2024-11-25,si
3505,A0053,G5,2024-12-02,si
3506,A0053,G5,2024-12-02,si
3507,A0053,G5,2024-12-09,si
3508,A0053,G5,2024-12-09,si
3509,A0053,G5,2024-12-16,si
3510,A0053,G5,2024-12-16,si
3511,A0053,G5,2024-12-23,si
3512,A0053,G5,2024-12-23,si
3513,A0053,G5,2024-12-30,si
3514,A0053,G5,2024-12-30,si
3515,A0053,G5,2025-01-06,si
3516,A0053,G5,2025-01-06,si
3517,A0053,G5,2025-01-13,si
3518,A0053,G5,2025-01-13,si
3519,A0053,G5,2025-01-20,si
3520,A0053,G5,2025-01-20,no
3521,A0053,G5,2025-01-27,si
3522,A0053,G5,2025-01-27,si
3523,A0053,G5,2025-02-03,si
3524,A0053,G5,2025-02-03,no
3525,A0053,G5,2025-02-10,si
3526,A0053,G5,2025-02-10,si
3527,A0053,G5,2025-02-17,si
3528,A0053,G5,2025-02-17,si
3529,A0053,G5,2025-02-24,si
3530,A0053,G5,2025-02-24,no
3531,A0053,G5,2025-03-03,no
3532,A0053,G5,2025-03-03,si
3533,A0053,G5,2025-03-10,si
3534,A0053,G5,2025-03-10,si
3535,A0053,G5,2025-03-17,si
3536,A0053,G5,2025-03-17,si
3537,A0053,G5,2025-03-24,si
3538,A0053,G5,2025-03-24,si
3539,A0053,G5,2025-03-31,si
3540,A0053,G5,2025-03-31,si
3541,A0053,G5,2025-04-07,no
3542,A0053,G5,2025-04-07,si
3543,A0053,G5,2025-04-14,si
3544,A0053,G5,2025-04-14,si
3545,A0053,G5,2025-04-21,si
3546,A0053,G5,2025-04-21,si
3547,A0053,G5,2025-04-28,si
3548,A0053,G5,2025-04-28,si
3549,A0053,G5,2025-05-05,si
3550,A0053,G5,2025-05-05,no
3551,A0053,G5,2025-05-12,si
3552,A0053,G5,2025-05-12,si
3553,A0053,G5,2025-05-19,si
3554,A0053,G5,2025-05-19,si
3555,A0053,G5,2025-05-26,si
3556,A0053,G5,2025-05-26,si
3557,A0053,G5,2025-06-02,si
3558,A0053,G5,2025-06-02,no
3559,A0053,G5,2025-06-09,si
3560,A0053,G5,2025-06-09,si
3561,A0053,G5,2025-06-16,si
3562,A0053,G5,2025-06-16,si
3563,A0053,G5,2025-06-23,si
3564,A0053,G5,2025-06-23,si
3565,A0053,G5,2025-06-30,si
3566,A0053,G5,2025-06-30,si
3567,A0053,G5,2025-07-07,si
3568,A0053,G5,2025-07-07,si
3569,A0053,G5,2025-07-14,si
3570,A0053,G5,2025-07-14,no
3571,A0053,G5,2025-07-21,no
3572,A0053,G5,2025-07-21,si
3573,A0053,G5,2025-07-28,si
3574,A0053,G5,2025-07-28,si
3575,A0053,G5,2025-08-04,no
3576,A0053,G5,2025-08-04,si
3577,A0053,G5,2025-08-11,si
3578,A0053,G5,2025-08-11,no
3579,A0054,G1,2025-02-09,si
3580,A0054,G1,2025-02-09,no
3581,A0054,G1,2025-02-16,no
3582,A0054,G1,2025-02-16,si
3583,A0054,G1,2025-02-23,si
3584,A0054,G1,2025-02-23,si
3585,A0054,G1,2025-03-02,si
3586,A0054,G1,2025-03-02,si
3587,A0054,G1,2025-03-09,si
3588,A0054,G1,2025-03-09,si
3589,A0054,G1,2025-03-16,si
3590,A0054,G1,2025-03-16,si
3591,A0054,G1,2025-03-23,si
3592,A0054,G1,2025-03-23,si
3593,A0054,G1,2025-03-30,si
3594,A0054,G1,2025-03-30,si
3595,A0054,G1,2025-04-06,si
3596,A0054,G1,2025-04-06,si
3597,A0054,G1,2025-04-13,si
3598,A0054,G1,2025-04-13,si
3599,A0054,G1,2025-04-20,si
3600,A0054,G1,2025-04-20,si
3601,A0054,G1,2025-04-27,si
3602,A0054,G1,2025-04-27,si
3603,A0054,G1,2025-05-04,si
3604,A0054,G1,2025-05-04,si
3605,A0054,G1,2025-05-11,no
3606,A0054,G1,2025-05-11,si
3607,A0054,G1,2025-05-18,si
3608,A0054,G1,2025-05-18,si
3609,A0054,G1,2025-05-25,si
3610,A0054,G1,2025-05-25,si
3611,A0054,G1,2025-06-01,si
3612,A0054,G1,2025-06-01,si
3613,A0054,G1,2025-06-08,si
3614,A0054,G1,2025-06-08,si
3615,A0054,G1,2025-06-15,si
3616,A0054,G1,2025-06-15,si
3617,A0054,G1,2025-06-22,si
3618,A0054,G1,2025-06-22,no
3619,A0054,G1,2025-06-29,si
3620,A0054,G1,2025-06-29,si
3621,A0054,G1,2025-07-06,no
3622,A0054,G1,2025-07-06,no
3623,A0054,G1,2025-07-13,si
3624,A0054,G1,2025-07-13,si
3625,A0054,G1,2025-07-20,si
3626,A0054,G1,2025-07-20,no
3627,A0054,G1,2025-07-27,no
3628,A0054,G1,2025-07-27,si
3629,A0054,G1,2025-08-03,si
3630,A0054,G1,2025-08-03,si
3631,A0054,G1,2025-08-10,si
3632,A0054,G1,2025-08-10,si
3633,A0054,G1,2025-08-17,si
3634,A0054,G1,2025-08-17,si
3635,A0055,G5,2024-07-05,si
3636,A0055,G5,2024-07-05,si
3637,A0055,G5,2024-07-12,si
3638,A0055,G5,2024-07-12,no
3639,A0055,G5,2024-07-19,si
3640,A0055,G5,2024-07-19,si
3641,A0055,G5,2024-07-26,no
3642,A0055,G5,2024-07-26,si
3643,A0055,G5,2024-08-02,si
3644,A0055,G5,2024-08-02,si
3645,A0055,G5,2024-08-09,si
3646,A0055,G5,2024-08-09,si
3647,A0055,G5,2024-08-16,si
3648,A0055,G5,2024-08-16,si
3649,A0055,G5,2024-08-23,si
3650,A0055,G5,2024-08-23,si
3651,A0055,G5,2024-08-30,si
3652,A0055,G5,2024-08-30,no
3653,A0055,G5,2024-09-06,si
3654,A0055,G5,2024-09-06,si
3655,A0055,G5,2024-09-13,si
3656,A0055,G5,2024-09-13,no
3657,A0055,G5,2024-09-20,si
3658,A0055,G5,2024-09-20,si
3659,A0055,G5,2024-09-27,si
3660,A0055,G5,2024-09-27,si
3661,A0055,G5,2024-10-04,si
3662,A0055,G5,2024-10-04,si
3663,A0055,G5,2024-10-11,si
3664,A0055,G5,2024-10-11,si
3665,A0055,G5,2024-10-18,si
3666,A0055,G5,2024-10-18,no
3667,A0055,G5,2024-10-25,si
3668,A0055,G5,2024-10-25,si
3669,A0055,G5,2024-11-01,si
3670,A0055,G5,2024-11-01,si
3671,A0055,G5,2024-11-08,si
3672,A0055,G5,2024-11-08,no
3673,A0055,G5,2024-11-15,si
3674,A0055,G5,2024-11-15,si
3675,A0055,G5,2024-11-22,si
3676,A0055,G5,2024-11-22,si
3677,A0055,G5,2024-11-29,si
3678,A0055,G5,2024-11-29,si
3679,A0055,G5,2024-12-06,si
3680,A0055,G5,2024-12-06,no
3681,A0055,G5,2024-12-13,si
3682,A0055,G5,2024-12-13,si
3683,A0055,G5,2024-12-20,si
3684,A0055,G5,2024-12-20,si
3685,A0055,G5,2024-12-27,si
3686,A0055,G5,2024-12-27,no
3687,A0055,G5,2025-01-03,si
3688,A0055,G5,2025-01-03,si
3689,A0055,G5,2025-01-10,si
3690,A0055,G5,2025-01-10,si
3691,A0055,G5,2025-01-17,si
3692,A0055,G5,2025-01-17,si
3693,A0055,G5,2025-01-24,si
3694,A0055,G5,2025-01-24,si
3695,A0055,G5,2025-01-31,si
3696,A0055,G5,2025-01-31,si
3697,A0055,G5,2025-02-07,si
3698,A0055,G5,2025-02-07,si
3699,A0055,G5,2025-02-14,si
3700,A0055,G5,2025-02-14,si
3701,A0055,G5,2025-02-21,si
3702,A0055,G5,2025-02-21,si
3703,A0055,G5,2025-02-28,si
3704,A0055,G5,2025-02-28,si
3705,A0055,G5,2025-03-07,si
3706,A0055,G5,2025-03-07,si
3707,A0055,G5,2025-03-14,no
3708,A0055,G5,2025-03-14,si
3709,A0055,G5,2025-03-21,si
3710,A0055,G5,2025-03-21,si
3711,A0055,G5,2025-03-28,si
3712,A0055,G5,2025-03-28,si
3713,A0055,G5,2025-04-04,si
3714,A0055,G5,2025-04-04,si
3715,A0055,G5,2025-04-11,si
3716,A0055,G5,2025-04-11,no
3717,A0055,G5,2025-04-18,no
3718,A0055,G5,2025-04-18,si
3719,A0055,G5,2025-04-25,no
3720,A0055,G5,2025-04-25,si
3721,A0055,G5,2025-05-02,si
3722,A0055,G5,2025-05-02,si
3723,A0055,G5,2025-05-09,no
3724,A0055,G5,2025-05-09,si
3725,A0055,G5,2025-05-16,si
3726,A0055,G5,2025-05-16,si
3727,A0055,G5,2025-05-23,si
3728,A0055,G5,2025-05-23,si
3729,A0055,G5,2025-05-30,si
3730,A0055,G5,2025-05-30,si
3731,A0055,G5,2025-06-06,no
3732,A0055,G5,2025-06-06,si
3733,A0055,G5,2025-06-13,no
3734,A0055,G5,2025-06-13,si
3735,A0055,G5,2025-06-20,si
3736,A0055,G5,2025-06-20,si
3737,A0055,G5,2025-06-27,si
3738,A0055,G5,2025-06-27,no
3739,A0055,G5,2025-07-04,si
3740,A0055,G5,2025-07-04,si
3741,A0055,G5,2025-07-11,si
3742,A0055,G5,2025-07-11,si
3743,A0055,G5,2025-07-18,si
3744,A0055,G5,2025-07-18,si
3745,A0055,G5,2025-07-25,si
3746,A0055,G5,2025-07-25,si
3747,A0055,G5,2025-08-01,no
3748,A0055,G5,2025-08-01,si
3749,A0055,G5,2025-08-08,si
3750,A0055,G5,2025-08-08,si
3751,A0055,G5,2025-08-15,si
3752,A0055,G5,2025-08-15,no
3753,A0056,G1,2024-10-01,si
3754,A0056,G1,2024-10-01,si
3755,A0056,G1,2024-10-08,si
3756,A0056,G1,2024-10-08,no
3757,A0056,G1,2024-10-15,si
3758,A0056,G1,2024-10-15,si
3759,A0056,G1,2024-10-22,si
3760,A0056,G1,2024-10-22,si
3761,A0056,G1,2024-10-29,si
3762,A0056,G1,2024-10-29,si
3763,A0056,G1,2024-11-05,si
3764,A0056,G1,2024-11-05,si
3765,A0056,G1,2024-11-12,si
3766,A0056,G1,2024-11-12,no
3767,A0056,G1,2024-11-19,no
3768,A0056,G1,2024-11-19,si
3769,A0056,G1,2024-11-26,no
3770,A0056,G1,2024-11-26,no
3771,A0056,G1,2024-12-03,si
3772,A0056,G1,2024-12-03,si
3773,A0056,G1,2024-12-10,no
3774,A0056,G1,2024-12-10,si
3775,A0056,G1,2024-12-17,si
3776,A0056,G1,2024-12-17,si
3777,A0056,G1,2024-12-24,si
3778,A0056,G1,2024-12-24,no
3779,A0056,G1,2024-12-31,si
3780,A0056,G1,2024-12-31,si
3781,A0056,G1,2025-01-07,si
3782,A0056,G1,2025-01-07,no
3783,A0056,G1,2025-01-14,si
3784,A0056,G1,2025-01-14,si
3785,A0056,G1,2025-01-21,si
3786,A0056,G1,2025-01-21,si
3787,A0056,G1,2025-01-28,si
3788,A0056,G1,2025-01-28,si
3789,A0056,G1,2025-02-04,si
3790,A0056,G1,2025-02-04,si
3791,A0056,G1,2025-02-11,si
3792,A0056,G1,2025-02-11,si
3793,A0056,G1,2025-02-18,si
3794,A0056,G1,2025-02-18,si
3795,A0056,G1,2025-02-25,si
3796,A0056,G1,2025-02-25,si
3797,A0056,G1,2025-03-04,si
3798,A0056,G1,2025-03-04,si
3799,A0056,G1,2025-03-11,si
3800,A0056,G1,2025-03-11,si
3801,A0056,G1,2025-03-18,si
3802,A0056,G1,2025-03-18,si
3803,A0056,G1,2025-03-25,si
3804,A0056,G1,2025-03-25,si
3805,A0056,G1,2025-04-01,no
3806,A0056,G1,2025-04-01,si
3807,A0056,G1,2025-04-08,si
3808,A0056,G1,2025-04-08,si
3809,A0056,G1,2025-04-15,si
3810,A0056,G1,2025-04-15,si
3811,A0056,G1,2025-04-22,si
3812,A0056,G1,2025-04-22,si
3813,A0056,G1,2025-04-29,si
3814,A0056,G1,2025-04-29,si
3815,A0056,G1,2025-05-06,si
3816,A0056,G1,2025-05-06,si
3817,A0056,G1,2025-05-13,si
3818,A0056,G1,2025-05-13,si
3819,A0056,G1,2025-05-20,si
3820,A0056,G1,2025-05-20,si
3821,A0056,G1,2025-05-27,si
3822,A0056,G1,2025-05-27,si
3823,A0056,G1,2025-06-03,si
3824,A0056,G1,2025-06-03,si
3825,A0056,G1,2025-06-10,si
3826,A0056,G1,2025-06-10,si
3827,A0056,G1,2025-06-17,si
3828,A0056,G1,2025-06-17,si
3829,A0056,G1,2025-06-24,si
3830,A0056,G1,2025-06-24,si
3831,A0056,G1,2025-07-01,si
3832,A0056,G1,2025-07-01,no
3833,A0056,G1,2025-07-08,si
3834,A0056,G1,2025-07-08,no
3835,A0056,G1,2025-07-15,si
3836,A0056,G1,2025-07-15,si
3837,A0056,G1,2025-07-22,si
3838,A0056,G1,2025-07-22,si
3839,A0056,G1,2025-07-29,si
3840,A0056,G1,2025-07-29,si
3841,A0056,G1,2025-08-05,si
3842,A0056,G1,2025-08-05,si
3843,A0056,G1,2025-08-12,si
3844,A0056,G1,2025-08-12,si
3845,A0057,G3,2025-06-22,si
3846,A0057,G3,2025-06-29,si
3847,A0057,G3,2025-07-06,si
3848,A0057,G3,2025-07-13,si
3849,A0057,G3,2025-07-20,si
3850,A0057,G3,2025-07-27,si
3851,A0057,G3,2025-08-03,si
3852,A0057,G3,2025-08-10,si
3853,A0057,G3,2025-08-17,si
3854,A0058,G3,2024-07-01,si
3855,A0058,G3,2024-07-08,no
3856,A0058,G3,2024-07-15,si
3857,A0058,G3,2024-07-22,si
3858,A0058,G3,2024-07-29,si
3859,A0058,G3,2024-08-05,no
3860,A0058,G3,2024-08-12,si
3861,A0058,G3,2024-08-19,si
3862,A0058,G3,2024-08-26,no
3863,A0058,G3,2024-09-02,si
3864,A0058,G3,2024-09-09,no
3865,A0058,G3,2024-09-16,si
3866,A0058,G3,2024-09-23,si
3867,A0058,G3,2024-09-30,si
3868,A0058,G3,2024-10-07,si
3869,A0058,G3,2024-10-14,si
3870,A0058,G3,2024-10-21,si
3871,A0058,G3,2024-10-28,no
3872,A0058,G3,2024-11-04,no
3873,A0058,G3,2024-11-11,si
3874,A0058,G3,2024-11-18,si
3875,A0058,G3,2024-11-25,si
3876,A0058,G3,2024-12-02,si
3877,A0058,G3,2024-12-09,si
3878,A0058,G3,2024-12-16,si
3879,A0058,G3,2024-12-23,si
3880,A0058,G3,2024-12-30,si
3881,A0058,G3,2025-01-06,si
3882,A0058,G3,2025-01-13,si
3883,A0058,G3,2025-01-20,no
3884,A0058,G3,2025-01-27,si
3885,A0058,G3,2025-02-03,si
3886,A0058,G3,2025-02-10,si
3887,A0058,G3,2025-02-17,si
3888,A0058,G3,2025-02-24,si
3889,A0058,G3,2025-03-03,si
3890,A0058,G3,2025-03-10,si
3891,A0058,G3,2025-03-17,no
3892,A0058,G3,2025-03-24,si
3893,A0058,G3,2025-03-31,si
3894,A0058,G3,2025-04-07,si
3895,A0058,G3,2025-04-14,si
3896,A0058,G3,2025-04-21,si
3897,A0058,G3,2025-04-28,si
3898,A0058,G3,2025-05-05,si
3899,A0058,G3,2025-05-12,si
3900,A0058,G3,2025-05-19,si
3901,A0058,G3,2025-05-26,no
3902,A0058,G3,2025-06-02,si
3903,A0058,G3,2025-06-09,si
3904,A0058,G3,2025-06-16,si
3905,A0058,G3,2025-06-23,si
3906,A0058,G3,2025-06-30,si
3907,A0058,G3,2025-07-07,si
3908,A0058,G3,2025-07-14,si
3909,A0058,G3,2025-07-21,si
3910,A0058,G3,2025-07-28,si
3911,A0058,G3,2025-08-04,si
3912,A0058,G3,2025-08-11,si
3913,A0059,G6,2024-08-01,no
3914,A0059,G6,2024-08-08,si
3915,A0059,G6,2024-08-15,si
3916,A0059,G6,2024-08-22,si
3917,A0059,G6,2024-08-29,si
3918,A0059,G6,2024-09-05,si
3919,A0059,G6,2024-09-12,si
3920,A0059,G6,2024-09-19,si
3921,A0059,G6,2024-09-26,si
3922,A0059,G6,2024-10-03,si
3923,A0059,G6,2024-10-10,si
3924,A0059,G6,2024-10-17,si
3925,A0059,G6,2024-10-24,si
3926,A0059,G6,2024-10-31,si
3927,A0059,G6,2024-11-07,si
3928,A0059,G6,2024-11-14,no
3929,A0059,G6,2024-11-21,si
3930,A0059,G6,2024-11-28,no
3931,A0059,G6,2024-12-05,si
3932,A0059,G6,2024-12-12,si
3933,A0059,G6,2024-12-19,si
3934,A0059,G6,2024-12-26,si
3935,A0059,G6,2025-01-02,si
3936,A0059,G6,2025-01-09,si
3937,A0059,G6,2025-01-16,si
3938,A0059,G6,2025-01-23,si
3939,A0059,G6,2025-01-30,si
3940,A0059,G6,2025-02-06,no
3941,A0059,G6,2025-02-13,si
3942,A0059,G6,2025-02-20,si
3943,A0059,G6,2025-02-27,si
3944,A0059,G6,2025-03-06,si
3945,A0059,G6,2025-03-13,si
3946,A0059,G6,2025-03-20,no
3947,A0059,G6,2025-03-27,si
3948,A0059,G6,2025-04-03,si
3949,A0059,G6,2025-04-10,si
3950,A0059,G6,2025-04-17,si
3951,A0059,G6,2025-04-24,si
3952,A0059,G6,2025-05-01,si
3953,A0059,G6,2025-05-08,si
3954,A0059,G6,2025-05-15,si
3955,A0059,G6,2025-05-22,si
3956,A0059,G6,2025-05-29,si
3957,A0059,G6,2025-06-05,si
3958,A0059,G6,2025-06-12,no
3959,A0059,G6,2025-06-19,si
3960,A0059,G6,2025-06-26,si
3961,A0059,G6,2025-07-03,si
3962,A0059,G6,2025-07-10,si
3963,A0059,G6,2025-07-17,si
3964,A0059,G6,2025-07-24,si
3965,A0059,G6,2025-07-31,si
3966,A0059,G6,2025-08-07,si
3967,A0059,G6,2025-08-14,si
3968,A0060,G1,2024-03-05,si
3969,A0060,G1,2024-03-05,si
3970,A0060,G1,2024-03-12,si
3971,A0060,G1,2024-03-12,si
3972,A0060,G1,2024-03-19,si
3973,A0060,G1,2024-03-19,no
3974,A0060,G1,2024-03-26,si
3975,A0060,G1,2024-03-26,no
3976,A0060,G1,2024-04-02,si
3977,A0060,G1,2024-04-02,si
3978,A0060,G1,2024-04-09,si
3979,A0060,G1,2024-04-09,si
3980,A0060,G1,2024-04-16,si
3981,A0060,G1,2024-04-16,no
3982,A0060,G1,2024-04-23,si
3983,A0060,G1,2024-04-23,si
3984,A0060,G1,2024-04-30,si
3985,A0060,G1,2024-04-30,si
3986,A0060,G1,2024-05-07,si
3987,A0060,G1,2024-05-07,si
3988,A0060,G1,2024-05-14,si
3989,A0060,G1,2024-05-14,si
3990,A0060,G1,2024-05-21,si
3991,A0060,G1,2024-05-21,si
3992,A0060,G1,2024-05-28,si
3993,A0060,G1,2024-05-28,si
3994,A0060,G1,2024-06-04,si
3995,A0060,G1,2024-06-04,si
3996,A0060,G1,2024-06-11,si
3997,A0060,G1,2024-06-11,si
3998,A0060,G1,2024-06-18,no
3999,A0060,G1,2024-06-18,si
4000,A0060,G1,2024-06-25,si
4001,A0060,G1,2024-06-25,si
4002,A0060,G1,2024-07-02,si
4003,A0060,G1,2024-07-02,si
4004,A0060,G1,2024-07-09,si
4005,A0060,G1,2024-07-09,si
4006,A0060,G1,2024-07-16,si
4007,A0060,G1,2024-07-16,si
4008,A0060,G1,2024-07-23,si
4009,A0060,G1,2024-07-23,si
4010,A0060,G1,2024-07-30,si
4011,A0060,G1,2024-07-30,si
4012,A0060,G1,2024-08-06,si
4013,A0060,G1,2024-08-06,si
4014,A0060,G1,2024-08-13,no
4015,A0060,G1,2024-08-13,no
4016,A0060,G1,2024-08-20,si
4017,A0060,G1,2024-08-20,no
4018,A0060,G1,2024-08-27,si
4019,A0060,G1,2024-08-27,si
4020,A0060,G1,2024-09-03,si
4021,A0060,G1,2024-09-03,si
4022,A0060,G1,2024-09-10,si
4023,A0060,G1,2024-09-10,si
4024,A0060,G1,2024-09-17,si
4025,A0060,G1,2024-09-17,si
4026,A0060,G1,2024-09-24,si
4027,A0060,G1,2024-09-24,si
4028,A0060,G1,2024-10-01,si
4029,A0060,G1,2024-10-01,si
4030,A0060,G1,2024-10-08,no
4031,A0060,G1,2024-10-08,si
4032,A0060,G1,2024-10-15,si
4033,A0060,G1,2024-10-15,si
4034,A0060,G1,2024-10-22,si
4035,A0060,G1,2024-10-22,si
4036,A0060,G1,2024-10-29,no
4037,A0060,G1,2024-10-29,si
4038,A0060,G1,2024-11-05,no
4039,A0060,G1,2024-11-05,si
4040,A0060,G1,2024-11-12,si
4041,A0060,G1,2024-11-12,si
4042,A0060,G1,2024-11-19,no
4043,A0060,G1,2024-11-19,si
4044,A0060,G1,2024-11-26,no
4045,A0060,G1,2024-11-26,si
4046,A0060,G1,2024-12-03,si
4047,A0060,G1,2024-12-03,si
4048,A0060,G1,2024-12-10,si
4049,A0060,G1,2024-12-10,si
4050,A0060,G1,2024-12-17,si
4051,A0060,G1,2024-12-17,si
4052,A0060,G1,2024-12-24,no
4053,A0060,G1,2024-12-24,si
4054,A0060,G1,2024-12-31,si
4055,A0060,G1,2024-12-31,si
4056,A0060,G1,2025-01-07,si
4057,A0060,G1,2025-01-07,si
4058,A0060,G1,2025-01-14,si
4059,A0060,G1,2025-01-14,si
4060,A0060,G1,2025-01-21,si
4061,A0060,G1,2025-01-21,si
4062,A0060,G1,2025-01-28,si
4063,A0060,G1,2025-01-28,no
4064,A0060,G1,2025-02-04,si
4065,A0060,G1,2025-02-04,si
4066,A0060,G1,2025-02-11,si
4067,A0060,G1,2025-02-11,si
4068,A0060,G1,2025-02-18,si
4069,A0060,G1,2025-02-18,si
4070,A0060,G1,2025-02-25,si
4071,A0060,G1,2025-02-25,si
4072,A0060,G1,2025-03-04,no
4073,A0060,G1,2025-03-04,si
4074,A0060,G1,2025-03-11,no
4075,A0060,G1,2025-03-11,si
4076,A0060,G1,2025-03-18,no
4077,A0060,G1,2025-03-18,si
4078,A0060,G1,2025-03-25,si
4079,A0060,G1,2025-03-25,si
4080,A0060,G1,2025-04-01,si
4081,A0060,G1,2025-04-01,no
4082,A0060,G1,2025-04-08,si
4083,A0060,G1,2025-04-08,si
4084,A0060,G1,2025-04-15,si
4085,A0060,G1,2025-04-15,si
4086,A0060,G1,2025-04-22,si
4087,A0060,G1,2025-04-22,si
4088,A0060,G1,2025-04-29,si
4089,A0060,G1,2025-04-29,si
4090,A0060,G1,2025-05-06,si
4091,A0060,G1,2025-05-06,si
4092,A0060,G1,2025-05-13,no
4093,A0060,G1,2025-05-13,no
4094,A0060,G1,2025-05-20,si
4095,A0060,G1,2025-05-20,si
4096,A0060,G1,2025-05-27,si
4097,A0060,G1,2025-05-27,si
4098,A0060,G1,2025-06-03,si
4099,A0060,G1,2025-06-03,si
4100,A0060,G1,2025-06-10,si
4101,A0060,G1,2025-06-10,si
4102,A0060,G1,2025-06-17,si
4103,A0060,G1,2025-06-17,si
4104,A0060,G1,2025-06-24,si
4105,A0060,G1,2025-06-24,si
4106,A0060,G1,2025-07-01,si
4107,A0060,G1,2025-07-01,si
4108,A0060,G1,2025-07-08,si
4109,A0060,G1,2025-07-08,si
4110,A0060,G1,2025-07-15,si
4111,A0060,G1,2025-07-15,si
4112,A0060,G1,2025-07-22,si
4113,A0060,G1,2025-07-22,si
4114,A0060,G1,2025-07-29,no
4115,A0060,G1,2025-07-29,si
4116,A0060,G1,2025-08-05,si
4117,A0060,G1,2025-08-05,si
4118,A0060,G1,2025-08-12,si
4119,A0060,G1,2025-08-12,si
4120,A0061,G1,2024-04-07,si
4121,A0061,G1,2024-04-07,si
4122,A0061,G1,2024-04-14,si
4123,A0061,G1,2024-04-14,si
4124,A0061,G1,2024-04-21,si
4125,A0061,G1,2024-04-21,si
4126,A0061,G1,2024-04-28,si
4127,A0061,G1,2024-04-28,si
4128,A0061,G1,2024-05-05,si
4129,A0061,G1,2024-05-05,si
4130,A0061,G1,2024-05-12,si
4131,A0061,G1,2024-05-12,si
4132,A0061,G1,2024-05-19,si
4133,A0061,G1,2024-05-19,si
4134,A0061,G1,2024-05-26,no
4135,A0061,G1,2024-05-26,si
4136,A0061,G1,2024-06-02,si
4137,A0061,G1,2024-06-02,si
4138,A0061,G1,2024-06-09,si
4139,A0061,G1,2024-06-09,si
4140,A0061,G1,2024-06-16,si
4141,A0061,G1,2024-06-16,si
4142,A0061,G1,2024-06-23,si
4143,A0061,G1,2024-06-23,si
4144,A0061,G1,2024-06-30,si
4145,A0061,G1,2024-06-30,si
4146,A0061,G1,2024-07-07,si
4147,A0061,G1,2024-07-07,si
4148,A0061,G1,2024-07-14,si
4149,A0061,G1,2024-07-14,si
4150,A0061,G1,2024-07-21,si
4151,A0061,G1,2024-07-21,si
4152,A0061,G1,2024-07-28,si
4153,A0061,G1,2024-07-28,si
4154,A0061,G1,2024-08-04,si
4155,A0061,G1,2024-08-04,si
4156,A0061,G1,2024-08-11,si
4157,A0061,G1,2024-08-11,no
4158,A0061,G1,2024-08-18,si
4159,A0061,G1,2024-08-18,si
4160,A0061,G1,2024-08-25,si
4161,A0061,G1,2024-08-25,no
4162,A0061,G1,2024-09-01,si
4163,A0061,G1,2024-09-01,si
4164,A0061,G1,2024-09-08,si
4165,A0061,G1,2024-09-08,si
4166,A0061,G1,2024-09-15,si
4167,A0061,G1,2024-09-15,si
4168,A0061,G1,2024-09-22,si
4169,A0061,G1,2024-09-22,no
4170,A0061,G1,2024-09-29,si
4171,A0061,G1,2024-09-29,si
4172,A0061,G1,2024-10-06,si
4173,A0061,G1,2024-10-06,no
4174,A0061,G1,2024-10-13,si
4175,A0061,G1,2024-10-13,si
4176,A0061,G1,2024-10-20,si
4177,A0061,G1,2024-10-20,no
4178,A0061,G1,2024-10-27,si
4179,A0061,G1,2024-10-27,no
4180,A0061,G1,2024-11-03,si
4181,A0061,G1,2024-11-03,si
4182,A0061,G1,2024-11-10,no
4183,A0061,G1,2024-11-10,si
4184,A0061,G1,2024-11-17,si
4185,A0061,G1,2024-11-17,si
4186,A0061,G1,2024-11-24,si
4187,A0061,G1,2024-11-24,no
4188,A0061,G1,2024-12-01,si
4189,A0061,G1,2024-12-01,si
4190,A0061,G1,2024-12-08,si
4191,A0061,G1,2024-12-08,no
4192,A0061,G1,2024-12-15,si
4193,A0061,G1,2024-12-15,si
4194,A0061,G1,2024-12-22,si
4195,A0061,G1,2024-12-22,si
4196,A0061,G1,2024-12-29,si
4197,A0061,G1,2024-12-29,si
4198,A0061,G1,2025-01-05,si
4199,A0061,G1,2025-01-05,no
4200,A0061,G1,2025-01-12,no
4201,A0061,G1,2025-01-12,si
4202,A0061,G1,2025-01-19,si
4203,A0061,G1,2025-01-19,si
4204,A0061,G1,2025-01-26,si
4205,A0061,G1,2025-01-26,no
4206,A0061,G1,2025-02-02,no
4207,A0061,G1,2025-02-02,no
4208,A0061,G1,2025-02-09,no
4209,A0061,G1,2025-02-09,si
4210,A0061,G1,2025-02-16,si
4211,A0061,G1,2025-02-16,si
4212,A0061,G1,2025-02-23,si
4213,A0061,G1,2025-02-23,si
4214,A0061,G1,2025-03-02,si
4215,A0061,G1,2025-03-02,si
4216,A0061,G1,2025-03-09,no
4217,A0061,G1,2025-03-09,si
4218,A0061,G1,2025-03-16,si
4219,A0061,G1,2025-03-16,si
4220,A0061,G1,2025-03-23,si
4221,A0061,G1,2025-03-23,si
4222,A0061,G1,2025-03-30,si
4223,A0061,G1,2025-03-30,si
4224,A0061,G1,2025-04-06,si
4225,A0061,G1,2025-04-06,si
4226,A0061,G1,2025-04-13,si
4227,A0061,G1,2025-04-13,si
4228,A0061,G1,2025-04-20,si
4229,A0061,G1,2025-04-20,si
4230,A0061,G1,2025-04-27,si
4231,A0061,G1,2025-04-27,no
4232,A0061,G1,2025-05-04,no
4233,A0061,G1,2025-05-04,si
4234,A0061,G1,2025-05-11,no
4235,A0061,G1,2025-05-11,si
4236,A0061,G1,2025-05-18,si
4237,A0061,G1,2025-05-18,si
4238,A0061,G1,2025-05-25,si
4239,A0061,G1,2025-05-25,si
4240,A0061,G1,2025-06-01,si
4241,A0061,G1,2025-06-01,si
4242,A0061,G1,2025-06-08,si
4243,A0061,G1,2025-06-08,si
4244,A0061,G1,2025-06-15,si
4245,A0061,G1,2025-06-15,si
4246,A0061,G1,2025-06-22,si
4247,A0061,G1,2025-06-22,no
4248,A0061,G1,2025-06-29,no
4249,A0061,G1,2025-06-29,si
4250,A0061,G1,2025-07-06,si
4251,A0061,G1,2025-07-06,si
4252,A0061,G1,2025-07-13,si
4253,A0061,G1,2025-07-13,si
4254,A0061,G1,2025-07-20,si
4255,A0061,G1,2025-07-20,si
4256,A0061,G1,2025-07-27,si
4257,A0061,G1,2025-07-27,si
4258,A0061,G1,2025-08-03,no
4259,A0061,G1,2025-08-03,si
4260,A0061,G1,2025-08-10,si
4261,A0061,G1,2025-08-10,si
4262,A0061,G1,2025-08-17,si
4263,A0061,G1,2025-08-17,si
4264,A0062,G2,2025-06-21,si
4265,A0062,G2,2025-06-21,si
4266,A0062,G2,2025-06-28,si
4267,A0062,G2,2025-06-28,si
4268,A0062,G2,2025-07-05,si
4269,A0062,G2,2025-07-05,si
4270,A0062,G2,2025-07-12,si
4271,A0062,G2,2025-07-12,si
4272,A0062,G2,2025-07-19,si
4273,A0062,G2,2025-07-19,si
4274,A0062,G2,2025-07-26,si
4275,A0062,G2,2025-07-26,si
4276,A0062,G2,2025-08-02,si
4277,A0062,G2,2025-08-02,no
4278,A0062,G2,2025-08-09,no
4279,A0062,G2,2025-08-09,no
4280,A0062,G2,2025-08-16,si
4281,A0062,G2,2025-08-16,si
4282,A0063,G2,2024-09-06,si
4283,A0063,G2,2024-09-06,si
4284,A0063,G2,2024-09-13,si
4285,A0063,G2,2024-09-13,no
4286,A0063,G2,2024-09-20,si
4287,A0063,G2,2024-09-20,si
4288,A0063,G2,2024-09-27,si
4289,A0063,G2,2024-09-27,no
4290,A0063,G2,2024-10-04,no
4291,A0063,G2,2024-10-04,si
4292,A0063,G2,2024-10-11,si
4293,A0063,G2,2024-10-11,si
4294,A0063,G2,2024-10-18,si
4295,A0063,G2,2024-10-18,si
4296,A0063,G2,2024-10-25,si
4297,A0063,G2,2024-10-25,no
4298,A0063,G2,2024-11-01,si
4299,A0063,G2,2024-11-01,si
4300,A0063,G2,2024-11-08,si
4301,A0063,G2,2024-11-08,si
4302,A0063,G2,2024-11-15,si
4303,A0063,G2,2024-11-15,si
4304,A0063,G2,2024-11-22,si
4305,A0063,G2,2024-11-22,no
4306,A0063,G2,2024-11-29,no
4307,A0063,G2,2024-11-29,si
4308,A0063,G2,2024-12-06,si
4309,A0063,G2,2024-12-06,no
4310,A0063,G2,2024-12-13,si
4311,A0063,G2,2024-12-13,si
4312,A0063,G2,2024-12-20,si
4313,A0063,G2,2024-12-20,no
4314,A0063,G2,2024-12-27,si
4315,A0063,G2,2024-12-27,si
4316,A0063,G2,2025-01-03,no
4317,A0063,G2,2025-01-03,si
4318,A0063,G2,2025-01-10,si
4319,A0063,G2,2025-01-10,si
4320,A0063,G2,2025-01-17,si
4321,A0063,G2,2025-01-17,no
4322,A0063,G2,2025-01-24,si
4323,A0063,G2,2025-01-24,no
4324,A0063,G2,2025-01-31,si
4325,A0063,G2,2025-01-31,si
4326,A0063,G2,2025-02-07,si
4327,A0063,G2,2025-02-07,si
4328,A0063,G2,2025-02-14,si
4329,A0063,G2,2025-02-14,si
4330,A0063,G2,2025-02-21,no
4331,A0063,G2,2025-02-21,si
4332,A0063,G2,2025-02-28,si
4333,A0063,G2,2025-02-28,si
4334,A0063,G2,2025-03-07,si
4335,A0063,G2,2025-03-07,si
4336,A0063,G2,2025-03-14,no
4337,A0063,G2,2025-03-14,no
4338,A0063,G2,2025-03-21,no
4339,A0063,G2,2025-03-21,si
4340,A0063,G2,2025-03-28,si
4341,A0063,G2,2025-03-28,si
4342,A0063,G2,2025-04-04,si
4343,A0063,G2,2025-04-04,si
4344,A0063,G2,2025-04-11,si
4345,A0063,G2,2025-04-11,si
4346,A0063,G2,2025-04-18,si
4347,A0063,G2,2025-04-18,si
4348,A0063,G2,2025-04-25,si
4349,A0063,G2,2025-04-25,si
4350,A0063,G2,2025-05-02,si
4351,A0063,G2,2025-05-02,no
4352,A0063,G2,2025-05-09,si
4353,A0063,G2,2025-05-09,si
4354,A0063,G2,2025-05-16,si
4355,A0063,G2,2025-05-16,si
4356,A0063,G2,2025-05-23,si
4357,A0063,G2,2025-05-23,si
4358,A0063,G2,2025-05-30,no
4359,A0063,G2,2025-05-30,no
4360,A0063,G2,2025-06-06,si
4361,A0063,G2,2025-06-06,si
4362,A0063,G2,2025-06-13,no
4363,A0063,G2,2025-06-13,si
4364,A0063,G2,2025-06-20,si
4365,A0063,G2,2025-06-20,no
4366,A0064,G6,2024-11-26,no
4367,A0064,G6,2024-12-03,si
4368,A0064,G6,2024-12-10,si
4369,A0064,G6,2024-12-17,no
4370,A0064,G6,2024-12-24,no
4371,A0064,G6,2024-12-31,si
4372,A0064,G6,2025-01-07,si
4373,A0064,G6,2025-01-14,si
4374,A0064,G6,2025-01-21,si
4375,A0064,G6,2025-01-28,no
4376,A0064,G6,2025-02-04,no
4377,A0064,G6,2025-02-11,no
4378,A0064,G6,2025-02-18,no
4379,A0064,G6,2025-02-25,si
4380,A0065,G2,2024-07-14,si
4381,A0065,G2,2024-07-14,si
4382,A0065,G2,2024-07-21,si
4383,A0065,G2,2024-07-21,si
4384,A0065,G2,2024-07-28,si
4385,A0065,G2,2024-07-28,no
4386,A0065,G2,2024-08-04,si
4387,A0065,G2,2024-08-04,si
4388,A0065,G2,2024-08-11,si
4389,A0065,G2,2024-08-11,si
4390,A0065,G2,2024-08-18,si
4391,A0065,G2,2024-08-18,si
4392,A0065,G2,2024-08-25,si
4393,A0065,G2,2024-08-25,si
4394,A0065,G2,2024-09-01,si
4395,A0065,G2,2024-09-01,si
4396,A0065,G2,2024-09-08,si
4397,A0065,G2,2024-09-08,si
4398,A0065,G2,2024-09-15,si
4399,A0065,G2,2024-09-15,si
4400,A0065,G2,2024-09-22,no
4401,A0065,G2,2024-09-22,si
4402,A0065,G2,2024-09-29,si
4403,A0065,G2,2024-09-29,si
4404,A0065,G2,2024-10-06,si
4405,A0065,G2,2024-10-06,si
4406,A0065,G2,2024-10-13,si
4407,A0065,G2,2024-10-13,no
4408,A0065,G2,2024-10-20,si
4409,A0065,G2,2024-10-20,si
4410,A0065,G2,2024-10-27,si
4411,A0065,G2,2024-10-27,si
4412,A0065,G2,2024-11-03,si
4413,A0065,G2,2024-11-03,no
4414,A0065,G2,2024-11-10,si
4415,A0065,G2,2024-11-10,si
4416,A0065,G2,2024-11-17,si
4417,A0065,G2,2024-11-17,si
4418,A0065,G2,2024-11-24,si
4419,A0065,G2,2024-11-24,si
4420,A0065,G2,2024-12-01,no
4421,A0065,G2,2024-12-01,si
4422,A0065,G2,2024-12-08,si
4423,A0065,G2,2024-12-08,si
4424,A0065,G2,2024-12-15,si
4425,A0065,G2,2024-12-15,si
4426,A0065,G2,2024-12-22,no
4427,A0065,G2,2024-12-22,no
4428,A0065,G2,2024-12-29,no
4429,A0065,G2,2024-12-29,si
4430,A0065,G2,2025-01-05,no
4431,A0065,G2,2025-01-05,no
4432,A0066,G6,2025-05-11,no
4433,A0066,G6,2025-05-18,no
4434,A0066,G6,2025-05-25,si
4435,A0066,G6,2025-06-01,no
4436,A0067,G3,2024-03-23,si
4437,A0067,G3,2024-03-30,si
4438,A0067,G3,2024-04-06,si
4439,A0067,G3,2024-04-13,no
4440,A0067,G3,2024-04-20,si
4441,A0067,G3,2024-04-27,si
4442,A0067,G3,2024-05-04,si
4443,A0067,G3,2024-05-11,si
4444,A0067,G3,2024-05-18,si
4445,A0067,G3,2024-05-25,no
4446,A0067,G3,2024-06-01,si
4447,A0067,G3,2024-06-08,si
4448,A0067,G3,2024-06-15,si
4449,A0067,G3,2024-06-22,si
4450,A0067,G3,2024-06-29,si
4451,A0067,G3,2024-07-06,si
4452,A0067,G3,2024-07-13,si
4453,A0067,G3,2024-07-20,si
4454,A0067,G3,2024-07-27,si
4455,A0067,G3,2024-08-03,si
4456,A0067,G3,2024-08-10,si
4457,A0067,G3,2024-08-17,si
4458,A0067,G3,2024-08-24,si
4459,A0067,G3,2024-08-31,si
4460,A0067,G3,2024-09-07,si
4461,A0067,G3,2024-09-14,si
4462,A0067,G3,2024-09-21,si
4463,A0067,G3,2024-09-28,si
4464,A0067,G3,2024-10-05,si
4465,A0067,G3,2024-10-12,si
4466,A0067,G3,2024-10-19,si
4467,A0067,G3,2024-10-26,si
4468,A0067,G3,2024-11-02,si
4469,A0067,G3,2024-11-09,si
4470,A0067,G3,2024-11-16,si
4471,A0067,G3,2024-11-23,no
4472,A0067,G3,2024-11-30,si
4473,A0067,G3,2024-12-07,si
4474,A0067,G3,2024-12-14,si
4475,A0067,G3,2024-12-21,no
4476,A0067,G3,2024-12-28,si
4477,A0067,G3,2025-01-04,si
4478,A0067,G3,2025-01-11,si
4479,A0067,G3,2025-01-18,si
4480,A0067,G3,2025-01-25,si
4481,A0067,G3,2025-02-01,no
4482,A0067,G3,2025-02-08,no
4483,A0067,G3,2025-02-15,no
4484,A0067,G3,2025-02-22,no
4485,A0068,G4,2024-12-08,si
4486,A0068,G4,2024-12-08,no
4487,A0068,G4,2024-12-15,si
4488,A0068,G4,2024-12-15,si
4489,A0068,G4,2024-12-22,si
4490,A0068,G4,2024-12-22,si
4491,A0068,G4,2024-12-29,si
4492,A0068,G4,2024-12-29,si
4493,A0068,G4,2025-01-05,si
4494,A0068,G4,2025-01-05,si
4495,A0068,G4,2025-01-12,no
4496,A0068,G4,2025-01-12,si
4497,A0068,G4,2025-01-19,si
4498,A0068,G4,2025-01-19,si
4499,A0068,G4,2025-01-26,si
4500,A0068,G4,2025-01-26,si
4501,A0068,G4,2025-02-02,si
4502,A0068,G4,2025-02-02,si
4503,A0068,G4,2025-02-09,si
4504,A0068,G4,2025-02-09,si
4505,A0068,G4,2025-02-16,si
4506,A0068,G4,2025-02-16,si
4507,A0068,G4,2025-02-23,si
4508,A0068,G4,2025-02-23,si
4509,A0068,G4,2025-03-02,no
4510,A0068,G4,2025-03-02,si
4511,A0068,G4,2025-03-09,si
4512,A0068,G4,2025-03-09,si
4513,A0068,G4,2025-03-16,no
4514,A0068,G4,2025-03-16,si
4515,A0068,G4,2025-03-23,si
4516,A0068,G4,2025-03-23,si
4517,A0068,G4,2025-03-30,si
4518,A0068,G4,2025-03-30,si
4519,A0068,G4,2025-04-06,si
4520,A0068,G4,2025-04-06,si
4521,A0068,G4,2025-04-13,si
4522,A0068,G4,2025-04-13,si
4523,A0068,G4,2025-04-20,si
4524,A0068,G4,2025-04-20,si
4525,A0068,G4,2025-04-27,no
4526,A0068,G4,2025-04-27,si
4527,A0068,G4,2025-05-04,si
4528,A0068,G4,2025-05-04,si
4529,A0068,G4,2025-05-11,no
4530,A0068,G4,2025-05-11,si
4531,A0068,G4,2025-05-18,si
4532,A0068,G4,2025-05-18,si
4533,A0068,G4,2025-05-25,si
4534,A0068,G4,2025-05-25,no
4535,A0068,G4,2025-06-01,si
4536,A0068,G4,2025-06-01,no
4537,A0068,G4,2025-06-08,si
4538,A0068,G4,2025-06-08,si
4539,A0068,G4,2025-06-15,si
4540,A0068,G4,2025-06-15,no
4541,A0068,G4,2025-06-22,si
4542,A0068,G4,2025-06-22,si
4543,A0068,G4,2025-06-29,si
4544,A0068,G4,2025-06-29,si
4545,A0068,G4,2025-07-06,no
4546,A0068,G4,2025-07-06,si
4547,A0068,G4,2025-07-13,no
4548,A0068,G4,2025-07-13,si
4549,A0068,G4,2025-07-20,si
4550,A0068,G4,2025-07-20,si
4551,A0068,G4,2025-07-27,si
4552,A0068,G4,2025-07-27,si
4553,A0068,G4,2025-08-03,si
4554,A0068,G4,2025-08-03,si
4555,A0068,G4,2025-08-10,si
4556,A0068,G4,2025-08-10,si
4557,A0068,G4,2025-08-17,si
4558,A0068,G4,2025-08-17,si
4559,A0069,G1,2024-04-08,si
4560,A0069,G1,2024-04-08,si
4561,A0069,G1,2024-04-15,si
4562,A0069,G1,2024-04-15,si
4563,A0069,G1,2024-04-22,no
4564,A0069,G1,2024-04-22,si
4565,A0069,G1,2024-04-29,si
4566,A0069,G1,2024-04-29,si
4567,A0069,G1,2024-05-06,si
4568,A0069,G1,2024-05-06,si
4569,A0069,G1,2024-05-13,no
4570,A0069,G1,2024-05-13,si
4571,A0069,G1,2024-05-20,si
4572,A0069,G1,2024-05-20,si
4573,A0069,G1,2024-05-27,si
4574,A0069,G1,2024-05-27,no
4575,A0069,G1,2024-06-03,si
4576,A0069,G1,2024-06-03,si
4577,A0069,G1,2024-06-10,si
4578,A0069,G1,2024-06-10,no
4579,A0069,G1,2024-06-17,si
4580,A0069,G1,2024-06-17,si
4581,A0069,G1,2024-06-24,si
4582,A0069,G1,2024-06-24,si
4583,A0069,G1,2024-07-01,si
4584,A0069,G1,2024-07-01,no
4585,A0069,G1,2024-07-08,si
4586,A0069,G1,2024-07-08,si
4587,A0069,G1,2024-07-15,si
4588,A0069,G1,2024-07-15,si
4589,A0069,G1,2024-07-22,si
4590,A0069,G1,2024-07-22,si
4591,A0069,G1,2024-07-29,si
4592,A0069,G1,2024-07-29,si
4593,A0069,G1,2024-08-05,si
4594,A0069,G1,2024-08-05,no
4595,A0069,G1,2024-08-12,si
4596,A0069,G1,2024-08-12,si
4597,A0069,G1,2024-08-19,si
4598,A0069,G1,2024-08-19,si
4599,A0069,G1,2024-08-26,si
4600,A0069,G1,2024-08-26,si
4601,A0069,G1,2024-09-02,si
4602,A0069,G1,2024-09-02,si
4603,A0069,G1,2024-09-09,si
4604,A0069,G1,2024-09-09,si
4605,A0069,G1,2024-09-16,no
4606,A0069,G1,2024-09-16,si
4607,A0069,G1,2024-09-23,no
4608,A0069,G1,2024-09-23,si
4609,A0069,G1,2024-09-30,si
4610,A0069,G1,2024-09-30,si
4611,A0069,G1,2024-10-07,no
4612,A0069,G1,2024-10-07,si
4613,A0069,G1,2024-10-14,no
4614,A0069,G1,2024-10-14,si
4615,A0069,G1,2024-10-21,si
4616,A0069,G1,2024-10-21,si
4617,A0069,G1,2024-10-28,si
4618,A0069,G1,2024-10-28,si
4619,A0069,G1,2024-11-04,si
4620,A0069,G1,2024-11-04,si
4621,A0069,G1,2024-11-11,si
4622,A0069,G1,2024-11-11,si
4623,A0069,G1,2024-11-18,si
4624,A0069,G1,2024-11-18,si
4625,A0069,G1,2024-11-25,si
4626,A0069,G1,2024-11-25,si
4627,A0069,G1,2024-12-02,si
4628,A0069,G1,2024-12-02,si
4629,A0069,G1,2024-12-09,si
4630,A0069,G1,2024-12-09,si
4631,A0069,G1,2024-12-16,si
4632,A0069,G1,2024-12-16,si
4633,A0069,G1,2024-12-23,si
4634,A0069,G1,2024-12-23,si
4635,A0069,G1,2024-12-30,si
4636,A0069,G1,2024-12-30,si
4637,A0069,G1,2025-01-06,si
4638,A0069,G1,2025-01-06,si
4639,A0069,G1,2025-01-13,si
4640,A0069,G1,2025-01-13,no
4641,A0069,G1,2025-01-20,si
4642,A0069,G1,2025-01-20,si
4643,A0069,G1,2025-01-27,si
4644,A0069,G1,2025-01-27,si
4645,A0069,G1,2025-02-03,si
4646,A0069,G1,2025-02-03,si
4647,A0069,G1,2025-02-10,si
4648,A0069,G1,2025-02-10,si
4649,A0069,G1,2025-02-17,si
4650,A0069,G1,2025-02-17,si
4651,A0069,G1,2025-02-24,si
4652,A0069,G1,2025-02-24,si
4653,A0069,G1,2025-03-03,si
4654,A0069,G1,2025-03-03,si
4655,A0069,G1,2025-03-10,si
4656,A0069,G1,2025-03-10,si
4657,A0069,G1,2025-03-17,si
4658,A0069,G1,2025-03-17,si
4659,A0069,G1,2025-03-24,si
4660,A0069,G1,2025-03-24,si
4661,A0069,G1,2025-03-31,si
4662,A0069,G1,2025-03-31,si
4663,A0069,G1,2025-04-07,si
4664,A0069,G1,2025-04-07,si
4665,A0069,G1,2025-04-14,si
4666,A0069,G1,2025-04-14,si
4667,A0069,G1,2025-04-21,si
4668,A0069,G1,2025-04-21,si
4669,A0069,G1,2025-04-28,si
4670,A0069,G1,2025-04-28,si
4671,A0069,G1,2025-05-05,si
4672,A0069,G1,2025-05-05,si
4673,A0069,G1,2025-05-12,si
4674,A0069,G1,2025-05-12,si
4675,A0069,G1,2025-05-19,no
4676,A0069,G1,2025-05-19,si
4677,A0069,G1,2025-05-26,si
4678,A0069,G1,2025-05-26,si
4679,A0069,G1,2025-06-02,no
4680,A0069,G1,2025-06-02,no
4681,A0069,G1,2025-06-09,si
4682,A0069,G1,2025-06-09,no
4683,A0069,G1,2025-06-16,no
4684,A0069,G1,2025-06-16,si
4685,A0069,G1,2025-06-23,si
4686,A0069,G1,2025-06-23,si
4687,A0069,G1,2025-06-30,si
4688,A0069,G1,2025-06-30,no
4689,A0069,G1,2025-07-07,si
4690,A0069,G1,2025-07-07,no
4691,A0069,G1,2025-07-14,no
4692,A0069,G1,2025-07-14,si
4693,A0069,G1,2025-07-21,si
4694,A0069,G1,2025-07-21,no
4695,A0069,G1,2025-07-28,si
4696,A0069,G1,2025-07-28,si
4697,A0069,G1,2025-08-04,si
4698,A0069,G1,2025-08-04,si
4699,A0069,G1,2025-08-11,si
4700,A0069,G1,2025-08-11,si
4701,A0070,G2,2024-12-05,si
4702,A0070,G2,2024-12-05,si
4703,A0070,G2,2024-12-12,si
4704,A0070,G2,2024-12-12,si
4705,A0070,G2,2024-12-19,si
4706,A0070,G2,2024-12-19,si
4707,A0070,G2,2024-12-26,no
4708,A0070,G2,2024-12-26,no
4709,A0070,G2,2025-01-02,si
4710,A0070,G2,2025-01-02,si
4711,A0070,G2,2025-01-09,si
4712,A0070,G2,2025-01-09,no
4713,A0071,G1,2025-06-04,si
4714,A0071,G1,2025-06-04,si
4715,A0071,G1,2025-06-11,si
4716,A0071,G1,2025-06-11,si
4717,A0071,G1,2025-06-18,no
4718,A0071,G1,2025-06-18,si
4719,A0071,G1,2025-06-25,no
4720,A0071,G1,2025-06-25,si
4721,A0071,G1,2025-07-02,si
4722,A0071,G1,2025-07-02,no
4723,A0071,G1,2025-07-09,no
4724,A0071,G1,2025-07-09,no
4725,A0071,G1,2025-07-16,no
4726,A0071,G1,2025-07-16,no
4727,A0071,G1,2025-07-23,no
4728,A0071,G1,2025-07-23,no
4729,A0071,G1,2025-07-30,si
4730,A0071,G1,2025-07-30,no
4731,A0072,G5,2025-05-27,si
4732,A0072,G5,2025-05-27,si
4733,A0072,G5,2025-06-03,si
4734,A0072,G5,2025-06-03,si
4735,A0072,G5,2025-06-10,si
4736,A0072,G5,2025-06-10,si
4737,A0072,G5,2025-06-17,si
4738,A0072,G5,2025-06-17,si
4739,A0072,G5,2025-06-24,no
4740,A0072,G5,2025-06-24,si
4741,A0072,G5,2025-07-01,si
4742,A0072,G5,2025-07-01,si
4743,A0072,G5,2025-07-08,si
4744,A0072,G5,2025-07-08,si
4745,A0072,G5,2025-07-15,si
4746,A0072,G5,2025-07-15,no
4747,A0072,G5,2025-07-22,si
4748,A0072,G5,2025-07-22,si
4749,A0072,G5,2025-07-29,si
4750,A0072,G5,2025-07-29,no
4751,A0072,G5,2025-08-05,si
4752,A0072,G5,2025-08-05,si
4753,A0072,G5,2025-08-12,si
4754,A0072,G5,2025-08-12,si
4755,A0073,G6,2024-05-19,si
4756,A0073,G6,2024-05-26,si
4757,A0073,G6,2024-06-02,si
4758,A0073,G6,2024-06-09,si
4759,A0073,G6,2024-06-16,si
4760,A0073,G6,2024-06-23,si
4761,A0073,G6,2024-06-30,si
4762,A0073,G6,2024-07-07,si
4763,A0073,G6,2024-07-14,si
4764,A0073,G6,2024-07-21,no
4765,A0073,G6,2024-07-28,si
4766,A0073,G6,2024-08-04,si
4767,A0073,G6,2024-08-11,si
4768,A0073,G6,2024-08-18,no
4769,A0073,G6,2024-08-25,si
4770,A0073,G6,2024-09-01,si
4771,A0073,G6,2024-09-08,si
4772,A0073,G6,2024-09-15,no
4773,A0073,G6,2024-09-22,si
4774,A0073,G6,2024-09-29,si
4775,A0073,G6,2024-10-06,si
4776,A0073,G6,2024-10-13,si
4777,A0073,G6,2024-10-20,si
4778,A0073,G6,2024-10-27,si
4779,A0073,G6,2024-11-03,si
4780,A0073,G6,2024-11-10,si
4781,A0073,G6,2024-11-17,si
4782,A0073,G6,2024-11-24,si
4783,A0073,G6,2024-12-01,si
4784,A0073,G6,2024-12-08,si
4785,A0073,G6,2024-12-15,si
4786,A0073,G6,2024-12-22,si
4787,A0073,G6,2024-12-29,si
4788,A0073,G6,2025-01-05,si
4789,A0073,G6,2025-01-12,si
4790,A0073,G6,2025-01-19,si
4791,A0073,G6,2025-01-26,si
4792,A0073,G6,2025-02-02,si
4793,A0073,G6,2025-02-09,si
4794,A0073,G6,2025-02-16,si
4795,A0073,G6,2025-02-23,si
4796,A0073,G6,2025-03-02,si
4797,A0073,G6,2025-03-09,no
4798,A0073,G6,2025-03-16,si
4799,A0073,G6,2025-03-23,si
4800,A0073,G6,2025-03-30,si
4801,A0073,G6,2025-04-06,si
4802,A0073,G6,2025-04-13,si
4803,A0073,G6,2025-04-20,si
4804,A0073,G6,2025-04-27,si
4805,A0073,G6,2025-05-04,si
4806,A0073,G6,2025-05-11,si
4807,A0073,G6,2025-05-18,no
4808,A0073,G6,2025-05-25,no
4809,A0073,G6,2025-06-01,si
4810,A0073,G6,2025-06-08,si
4811,A0073,G6,2025-06-15,si
4812,A0073,G6,2025-06-22,si
4813,A0073,G6,2025-06-29,si
4814,A0073,G6,2025-07-06,si
4815,A0073,G6,2025-07-13,si
4816,A0073,G6,2025-07-20,si
4817,A0073,G6,2025-07-27,si
4818,A0073,G6,2025-08-03,si
4819,A0073,G6,2025-08-10,si
4820,A0073,G6,2025-08-17,si
4821,A0074,G2,2025-07-13,si
4822,A0074,G2,2025-07-13,si
4823,A0074,G2,2025-07-20,si
4824,A0074,G2,2025-07-20,si
4825,A0074,G2,2025-07-27,si
4826,A0074,G2,2025-07-27,si
4827,A0074,G2,2025-08-03,no
4828,A0074,G2,2025-08-03,no
4829,A0074,G2,2025-08-10,si
4830,A0074,G2,2025-08-10,si
4831,A0074,G2,2025-08-17,si
4832,A0074,G2,2025-08-17,si
4833,A0075,G4,2024-03-13,si
4834,A0075,G4,2024-03-13,si
4835,A0075,G4,2024-03-20,si
4836,A0075,G4,2024-03-20,si
4837,A0075,G4,2024-03-27,si
4838,A0075,G4,2024-03-27,si
4839,A0075,G4,2024-04-03,si
4840,A0075,G4,2024-04-03,no
4841,A0075,G4,2024-04-10,si
4842,A0075,G4,2024-04-10,si
4843,A0075,G4,2024-04-17,si
4844,A0075,G4,2024-04-17,si
4845,A0075,G4,2024-04-24,si
4846,A0075,G4,2024-04-24,si
4847,A0075,G4,2024-05-01,si
4848,A0075,G4,2024-05-01,si
4849,A0075,G4,2024-05-08,si
4850,A0075,G4,2024-05-08,si
4851,A0075,G4,2024-05-15,si
4852,A0075,G4,2024-05-15,si
4853,A0075,G4,2024-05-22,si
4854,A0075,G4,2024-05-22,si
4855,A0075,G4,2024-05-29,si
4856,A0075,G4,2024-05-29,si
4857,A0075,G4,2024-06-05,si
4858,A0075,G4,2024-06-05,si
4859,A0075,G4,2024-06-12,no
4860,A0075,G4,2024-06-12,si
4861,A0075,G4,2024-06-19,si
4862,A0075,G4,2024-06-19,si
4863,A0075,G4,2024-06-26,si
4864,A0075,G4,2024-06-26,si
4865,A0075,G4,2024-07-03,si
4866,A0075,G4,2024-07-03,si
4867,A0075,G4,2024-07-10,si
4868,A0075,G4,2024-07-10,si
4869,A0075,G4,2024-07-17,si
4870,A0075,G4,2024-07-17,si
4871,A0075,G4,2024-07-24,si
4872,A0075,G4,2024-07-24,si
4873,A0075,G4,2024-07-31,si
4874,A0075,G4,2024-07-31,no
4875,A0075,G4,2024-08-07,si
4876,A0075,G4,2024-08-07,si
4877,A0075,G4,2024-08-14,si
4878,A0075,G4,2024-08-14,no
4879,A0075,G4,2024-08-21,si
4880,A0075,G4,2024-08-21,si
4881,A0075,G4,2024-08-28,si
4882,A0075,G4,2024-08-28,si
4883,A0075,G4,2024-09-04,si
4884,A0075,G4,2024-09-04,si
4885,A0075,G4,2024-09-11,si
4886,A0075,G4,2024-09-11,si
4887,A0075,G4,2024-09-18,si
4888,A0075,G4,2024-09-18,si
4889,A0075,G4,2024-09-25,si
4890,A0075,G4,2024-09-25,si
4891,A0075,G4,2024-10-02,si
4892,A0075,G4,2024-10-02,no
4893,A0075,G4,2024-10-09,si
4894,A0075,G4,2024-10-09,si
4895,A0075,G4,2024-10-16,si
4896,A0075,G4,2024-10-16,si
4897,A0075,G4,2024-10-23,si
4898,A0075,G4,2024-10-23,si
4899,A0075,G4,2024-10-30,si
4900,A0075,G4,2024-10-30,si
4901,A0075,G4,2024-11-06,si
4902,A0075,G4,2024-11-06,no
4903,A0075,G4,2024-11-13,si
4904,A0075,G4,2024-11-13,si
4905,A0075,G4,2024-11-20,si
4906,A0075,G4,2024-11-20,si
4907,A0075,G4,2024-11-27,no
4908,A0075,G4,2024-11-27,si
4909,A0075,G4,2024-12-04,si
4910,A0075,G4,2024-12-04,si
4911,A0075,G4,2024-12-11,si
4912,A0075,G4,2024-12-11,si
4913,A0075,G4,2024-12-18,si
4914,A0075,G4,2024-12-18,si
4915,A0075,G4,2024-12-25,si
4916,A0075,G4,2024-12-25,si
4917,A0075,G4,2025-01-01,si
4918,A0075,G4,2025-01-01,si
4919,A0075,G4,2025-01-08,si
4920,A0075,G4,2025-01-08,si
4921,A0075,G4,2025-01-15,si
4922,A0075,G4,2025-01-15,si
4923,A0075,G4,2025-01-22,si
4924,A0075,G4,2025-01-22,si
4925,A0075,G4,2025-01-29,si
4926,A0075,G4,2025-01-29,si
4927,A0075,G4,2025-02-05,si
4928,A0075,G4,2025-02-05,si
4929,A0075,G4,2025-02-12,si
4930,A0075,G4,2025-02-12,si
4931,A0075,G4,2025-02-19,si
4932,A0075,G4,2025-02-19,si
4933,A0075,G4,2025-02-26,si
4934,A0075,G4,2025-02-26,si
4935,A0075,G4,2025-03-05,si
4936,A0075,G4,2025-03-05,si
4937,A0075,G4,2025-03-12,si
4938,A0075,G4,2025-03-12,si
4939,A0075,G4,2025-03-19,si
4940,A0075,G4,2025-03-19,si
4941,A0075,G4,2025-03-26,si
4942,A0075,G4,2025-03-26,si
4943,A0075,G4,2025-04-02,si
4944,A0075,G4,2025-04-02,no
4945,A0075,G4,2025-04-09,no
4946,A0075,G4,2025-04-09,si
4947,A0075,G4,2025-04-16,si
4948,A0075,G4,2025-04-16,si
4949,A0075,G4,2025-04-23,no
4950,A0075,G4,2025-04-23,no
4951,A0075,G4,2025-04-30,si
4952,A0075,G4,2025-04-30,no
4953,A0076,G6,2025-04-20,si
4954,A0076,G6,2025-04-27,si
4955,A0076,G6,2025-05-04,si
4956,A0076,G6,2025-05-11,si
4957,A0076,G6,2025-05-18,si
4958,A0076,G6,2025-05-25,si
4959,A0076,G6,2025-06-01,no
4960,A0076,G6,2025-06-08,si
4961,A0076,G6,2025-06-15,si
4962,A0076,G6,2025-06-22,si
4963,A0076,G6,2025-06-29,si
4964,A0076,G6,2025-07-06,si
4965,A0076,G6,2025-07-13,si
4966,A0076,G6,2025-07-20,no
4967,A0076,G6,2025-07-27,si
4968,A0076,G6,2025-08-03,si
4969,A0076,G6,2025-08-10,si
4970,A0076,G6,2025-08-17,si
4971,A0077,G6,2024-04-25,no
4972,A0077,G6,2024-05-02,si
4973,A0077,G6,2024-05-09,si
4974,A0077,G6,2024-05-16,si
4975,A0077,G6,2024-05-23,si
4976,A0077,G6,2024-05-30,si
4977,A0077,G6,2024-06-06,no
4978,A0077,G6,2024-06-13,si
4979,A0077,G6,2024-06-20,no
4980,A0077,G6,2024-06-27,si
4981,A0077,G6,2024-07-04,si
4982,A0077,G6,2024-07-11,si
4983,A0077,G6,2024-07-18,si
4984,A0077,G6,2024-07-25,si
4985,A0077,G6,2024-08-01,si
4986,A0077,G6,2024-08-08,si
4987,A0077,G6,2024-08-15,si
4988,A0077,G6,2024-08-22,no
4989,A0077,G6,2024-08-29,no
4990,A0077,G6,2024-09-05,si
4991,A0077,G6,2024-09-12,si
4992,A0077,G6,2024-09-19,si
4993,A0077,G6,2024-09-26,si
4994,A0077,G6,2024-10-03,si
4995,A0077,G6,2024-10-10,si
4996,A0077,G6,2024-10-17,si
4997,A0077,G6,2024-10-24,no
4998,A0077,G6,2024-10-31,si
4999,A0077,G6,2024-11-07,si
5000,A0077,G6,2024-11-14,si
5001,A0077,G6,2024-11-21,si
5002,A0077,G6,2024-11-28,si
5003,A0077,G6,2024-12-05,no
5004,A0077,G6,2024-12-12,si
5005,A0077,G6,2024-12-19,si
5006,A0077,G6,2024-12-26,si
5007,A0077,G6,2025-01-02,si
5008,A0077,G6,2025-01-09,si
5009,A0077,G6,2025-01-16,si
5010,A0077,G6,2025-01-23,si
5011,A0077,G6,2025-01-30,si
5012,A0077,G6,2025-02-06,si
5013,A0077,G6,2025-02-13,si
5014,A0077,G6,2025-02-20,si
5015,A0077,G6,2025-02-27,si
5016,A0077,G6,2025-03-06,si
5017,A0077,G6,2025-03-13,si
5018,A0077,G6,2025-03-20,si
5019,A0077,G6,2025-03-27,si
5020,A0077,G6,2025-04-03,si
5021,A0077,G6,2025-04-10,si
5022,A0077,G6,2025-04-17,si
5023,A0077,G6,2025-04-24,no
5024,A0077,G6,2025-05-01,si
5025,A0077,G6,2025-05-08,si
5026,A0077,G6,2025-05-15,si
5027,A0077,G6,2025-05-22,si
5028,A0077,G6,2025-05-29,si
5029,A0077,G6,2025-06-05,si
5030,A0077,G6,2025-06-12,si
5031,A0077,G6,2025-06-19,si
5032,A0077,G6,2025-06-26,si
5033,A0077,G6,2025-07-03,si
5034,A0077,G6,2025-07-10,si
5035,A0077,G6,2025-07-17,si
5036,A0077,G6,2025-07-24,si
5037,A0077,G6,2025-07-31,si
5038,A0077,G6,2025-08-07,si
5039,A0077,G6,2025-08-14,si
5040,A0078,G4,2024-06-22,no
5041,A0078,G4,2024-06-22,si
5042,A0078,G4,2024-06-29,si
5043,A0078,G4,2024-06-29,no
5044,A0078,G4,2024-07-06,si
5045,A0078,G4,2024-07-06,si
5046,A0078,G4,2024-07-13,si
5047,A0078,G4,2024-07-13,si
5048,A0078,G4,2024-07-20,si
5049,A0078,G4,2024-07-20,si
5050,A0078,G4,2024-07-27,si
5051,A0078,G4,2024-07-27,si
5052,A0078,G4,2024-08-03,si
5053,A0078,G4,2024-08-03,si
5054,A0078,G4,2024-08-10,si
5055,A0078,G4,2024-08-10,si
5056,A0078,G4,2024-08-17,si
5057,A0078,G4,2024-08-17,si
5058,A0078,G4,2024-08-24,si
5059,A0078,G4,2024-08-24,si
5060,A0078,G4,2024-08-31,si
5061,A0078,G4,2024-08-31,si
5062,A0078,G4,2024-09-07,si
5063,A0078,G4,2024-09-07,si
5064,A0078,G4,2024-09-14,si
5065,A0078,G4,2024-09-14,si
5066,A0078,G4,2024-09-21,no
5067,A0078,G4,2024-09-21,no
5068,A0078,G4,2024-09-28,si
5069,A0078,G4,2024-09-28,no
5070,A0078,G4,2024-10-05,no
5071,A0078,G4,2024-10-05,si
5072,A0078,G4,2024-10-12,si
5073,A0078,G4,2024-10-12,si
5074,A0078,G4,2024-10-19,si
5075,A0078,G4,2024-10-19,si
5076,A0078,G4,2024-10-26,si
5077,A0078,G4,2024-10-26,si
5078,A0078,G4,2024-11-02,si
5079,A0078,G4,2024-11-02,no
5080,A0078,G4,2024-11-09,si
5081,A0078,G4,2024-11-09,si
5082,A0078,G4,2024-11-16,no
5083,A0078,G4,2024-11-16,si
5084,A0078,G4,2024-11-23,si
5085,A0078,G4,2024-11-23,si
5086,A0078,G4,2024-11-30,si
5087,A0078,G4,2024-11-30,no
5088,A0078,G4,2024-12-07,no
5089,A0078,G4,2024-12-07,no
5090,A0078,G4,2024-12-14,si
5091,A0078,G4,2024-12-14,si
5092,A0078,G4,2024-12-21,no
5093,A0078,G4,2024-12-21,si
5094,A0078,G4,2024-12-28,si
5095,A0078,G4,2024-12-28,no
5096,A0079,G2,2024-06-23,si
5097,A0079,G2,2024-06-23,si
5098,A0079,G2,2024-06-30,si
5099,A0079,G2,2024-06-30,si
5100,A0079,G2,2024-07-07,si
5101,A0079,G2,2024-07-07,si
5102,A0079,G2,2024-07-14,no
5103,A0079,G2,2024-07-14,si
5104,A0079,G2,2024-07-21,si
5105,A0079,G2,2024-07-21,si
5106,A0079,G2,2024-07-28,si
5107,A0079,G2,2024-07-28,si
5108,A0079,G2,2024-08-04,si
5109,A0079,G2,2024-08-04,no
5110,A0079,G2,2024-08-11,si
5111,A0079,G2,2024-08-11,si
5112,A0079,G2,2024-08-18,si
5113,A0079,G2,2024-08-18,si
5114,A0079,G2,2024-08-25,si
5115,A0079,G2,2024-08-25,si
5116,A0079,G2,2024-09-01,si
5117,A0079,G2,2024-09-01,si
5118,A0079,G2,2024-09-08,si
5119,A0079,G2,2024-09-08,si
5120,A0079,G2,2024-09-15,si
5121,A0079,G2,2024-09-15,si
5122,A0079,G2,2024-09-22,si
5123,A0079,G2,2024-09-22,si
5124,A0079,G2,2024-09-29,si
5125,A0079,G2,2024-09-29,si
5126,A0079,G2,2024-10-06,si
5127,A0079,G2,2024-10-06,si
5128,A0079,G2,2024-10-13,si
5129,A0079,G2,2024-10-13,si
5130,A0079,G2,2024-10-20,si
5131,A0079,G2,2024-10-20,si
5132,A0079,G2,2024-10-27,si
5133,A0079,G2,2024-10-27,si
5134,A0079,G2,2024-11-03,no
5135,A0079,G2,2024-11-03,no
5136,A0079,G2,2024-11-10,si
5137,A0079,G2,2024-11-10,si
5138,A0079,G2,2024-11-17,si
5139,A0079,G2,2024-11-17,si
5140,A0079,G2,2024-11-24,si
5141,A0079,G2,2024-11-24,no
5142,A0079,G2,2024-12-01,si
5143,A0079,G2,2024-12-01,si
5144,A0079,G2,2024-12-08,si
5145,A0079,G2,2024-12-08,si
5146,A0079,G2,2024-12-15,si
5147,A0079,G2,2024-12-15,no
5148,A0079,G2,2024-12-22,si
5149,A0079,G2,2024-12-22,si
5150,A0079,G2,2024-12-29,si
5151,A0079,G2,2024-12-29,no
5152,A0079,G2,2025-01-05,no
5153,A0079,G2,2025-01-05,no
5154,A0079,G2,2025-01-12,no
5155,A0079,G2,2025-01-12,si
5156,A0079,G2,2025-01-19,si
5157,A0079,G2,2025-01-19,no
5158,A0079,G2,2025-01-26,si
5159,A0079,G2,2025-01-26,si
5160,A0079,G2,2025-02-02,si
5161,A0079,G2,2025-02-02,si
5162,A0079,G2,2025-02-09,si
5163,A0079,G2,2025-02-09,si
5164,A0079,G2,2025-02-16,si
5165,A0079,G2,2025-02-16,si
5166,A0079,G2,2025-02-23,si
5167,A0079,G2,2025-02-23,si
5168,A0079,G2,2025-03-02,si
5169,A0079,G2,2025-03-02,si
5170,A0079,G2,2025-03-09,si
5171,A0079,G2,2025-03-09,si
5172,A0079,G2,2025-03-16,si
5173,A0079,G2,2025-03-16,no
5174,A0079,G2,2025-03-23,si
5175,A0079,G2,2025-03-23,si
5176,A0079,G2,2025-03-30,si
5177,A0079,G2,2025-03-30,si
5178,A0079,G2,2025-04-06,si
5179,A0079,G2,2025-04-06,si
5180,A0079,G2,2025-04-13,no
5181,A0079,G2,2025-04-13,si
5182,A0079,G2,2025-04-20,si
5183,A0079,G2,2025-04-20,si
5184,A0079,G2,2025-04-27,si
5185,A0079,G2,2025-04-27,no
5186,A0079,G2,2025-05-04,no
5187,A0079,G2,2025-05-04,no
5188,A0079,G2,2025-05-11,si
5189,A0079,G2,2025-05-11,no
5190,A0079,G2,2025-05-18,si
5191,A0079,G2,2025-05-18,no
5192,A0079,G2,2025-05-25,no
5193,A0079,G2,2025-05-25,si
5194,A0079,G2,2025-06-01,no
5195,A0079,G2,2025-06-01,no
5196,A0080,G4,2025-02-11,si
5197,A0080,G4,2025-02-11,si
5198,A0080,G4,2025-02-18,si
5199,A0080,G4,2025-02-18,si
5200,A0080,G4,2025-02-25,si
5201,A0080,G4,2025-02-25,si
5202,A0080,G4,2025-03-04,no
5203,A0080,G4,2025-03-04,si
5204,A0080,G4,2025-03-11,no
5205,A0080,G4,2025-03-11,si
5206,A0080,G4,2025-03-18,si
5207,A0080,G4,2025-03-18,si
5208,A0080,G4,2025-03-25,si
5209,A0080,G4,2025-03-25,si
5210,A0080,G4,2025-04-01,si
5211,A0080,G4,2025-04-01,si
5212,A0080,G4,2025-04-08,si
5213,A0080,G4,2025-04-08,si
5214,A0080,G4,2025-04-15,si
5215,A0080,G4,2025-04-15,si
5216,A0080,G4,2025-04-22,si
5217,A0080,G4,2025-04-22,si
5218,A0080,G4,2025-04-29,si
5219,A0080,G4,2025-04-29,si
5220,A0080,G4,2025-05-06,si
5221,A0080,G4,2025-05-06,no
5222,A0080,G4,2025-05-13,si
5223,A0080,G4,2025-05-13,si
5224,A0080,G4,2025-05-20,si
5225,A0080,G4,2025-05-20,si
5226,A0080,G4,2025-05-27,no
5227,A0080,G4,2025-05-27,si
5228,A0080,G4,2025-06-03,si
5229,A0080,G4,2025-06-03,si
5230,A0080,G4,2025-06-10,si
5231,A0080,G4,2025-06-10,si
5232,A0080,G4,2025-06-17,si
5233,A0080,G4,2025-06-17,si
5234,A0080,G4,2025-06-24,si
5235,A0080,G4,2025-06-24,si
5236,A0080,G4,2025-07-01,si
5237,A0080,G4,2025-07-01,no
5238,A0080,G4,2025-07-08,si
5239,A0080,G4,2025-07-08,si
5240,A0080,G4,2025-07-15,si
5241,A0080,G4,2025-07-15,si
5242,A0080,G4,2025-07-22,no
5243,A0080,G4,2025-07-22,no
5244,A0080,G4,2025-07-29,si
5245,A0080,G4,2025-07-29,no
5246,A0080,G4,2025-08-05,si
5247,A0080,G4,2025-08-05,si
5248,A0080,G4,2025-08-12,si
5249,A0080,G4,2025-08-12,no
5250,A0081,G1,2024-04-29,si
5251,A0081,G1,2024-04-29,si
5252,A0081,G1,2024-05-06,si
5253,A0081,G1,2024-05-06,si
5254,A0081,G1,2024-05-13,si
5255,A0081,G1,2024-05-13,si
5256,A0081,G1,2024-05-20,no
5257,A0081,G1,2024-05-20,si
5258,A0081,G1,2024-05-27,si
5259,A0081,G1,2024-05-27,si
5260,A0081,G1,2024-06-03,no
5261,A0081,G1,2024-06-03,si
5262,A0081,G1,2024-06-10,si
5263,A0081,G1,2024-06-10,si
5264,A0081,G1,2024-06-17,si
5265,A0081,G1,2024-06-17,si
5266,A0081,G1,2024-06-24,si
5267,A0081,G1,2024-06-24,si
5268,A0081,G1,2024-07-01,si
5269,A0081,G1,2024-07-01,si
5270,A0081,G1,2024-07-08,si
5271,A0081,G1,2024-07-08,si
5272,A0081,G1,2024-07-15,si
5273,A0081,G1,2024-07-15,si
5274,A0081,G1,2024-07-22,si
5275,A0081,G1,2024-07-22,si
5276,A0081,G1,2024-07-29,si
5277,A0081,G1,2024-07-29,si
5278,A0081,G1,2024-08-05,si
5279,A0081,G1,2024-08-05,si
5280,A0081,G1,2024-08-12,no
5281,A0081,G1,2024-08-12,si
5282,A0081,G1,2024-08-19,si
5283,A0081,G1,2024-08-19,si
5284,A0081,G1,2024-08-26,si
5285,A0081,G1,2024-08-26,si
5286,A0081,G1,2024-09-02,si
5287,A0081,G1,2024-09-02,si
5288,A0081,G1,2024-09-09,si
5289,A0081,G1,2024-09-09,no
5290,A0081,G1,2024-09-16,si
5291,A0081,G1,2024-09-16,si
5292,A0081,G1,2024-09-23,si
5293,A0081,G1,2024-09-23,si
5294,A0081,G1,2024-09-30,si
5295,A0081,G1,2024-09-30,si
5296,A0081,G1,2024-10-07,no
5297,A0081,G1,2024-10-07,si
5298,A0081,G1,2024-10-14,si
5299,A0081,G1,2024-10-14,si
5300,A0081,G1,2024-10-21,no
5301,A0081,G1,2024-10-21,si
5302,A0081,G1,2024-10-28,si
5303,A0081,G1,2024-10-28,si
5304,A0081,G1,2024-11-04,si
5305,A0081,G1,2024-11-04,si
5306,A0081,G1,2024-11-11,si
5307,A0081,G1,2024-11-11,no
5308,A0081,G1,2024-11-18,si
5309,A0081,G1,2024-11-18,si
5310,A0081,G1,2024-11-25,no
5311,A0081,G1,2024-11-25,si
5312,A0081,G1,2024-12-02,si
5313,A0081,G1,2024-12-02,si
5314,A0081,G1,2024-12-09,no
5315,A0081,G1,2024-12-09,si
5316,A0081,G1,2024-12-16,no
5317,A0081,G1,2024-12-16,no
5318,A0081,G1,2024-12-23,si
5319,A0081,G1,2024-12-23,no
5320,A0081,G1,2024-12-30,si
5321,A0081,G1,2024-12-30,si
5322,A0081,G1,2025-01-06,si
5323,A0081,G1,2025-01-06,si
5324,A0081,G1,2025-01-13,no
5325,A0081,G1,2025-01-13,no
5326,A0081,G1,2025-01-20,si
5327,A0081,G1,2025-01-20,no
5328,A0081,G1,2025-01-27,si
5329,A0081,G1,2025-01-27,si
5330,A0081,G1,2025-02-03,si
5331,A0081,G1,2025-02-03,no
5332,A0081,G1,2025-02-10,si
5333,A0081,G1,2025-02-10,si
5334,A0081,G1,2025-02-17,si
5335,A0081,G1,2025-02-17,si
5336,A0081,G1,2025-02-24,si
5337,A0081,G1,2025-02-24,si
5338,A0081,G1,2025-03-03,si
5339,A0081,G1,2025-03-03,si
5340,A0081,G1,2025-03-10,si
5341,A0081,G1,2025-03-10,si
5342,A0081,G1,2025-03-17,si
5343,A0081,G1,2025-03-17,si
5344,A0081,G1,2025-03-24,si
5345,A0081,G1,2025-03-24,si
5346,A0081,G1,2025-03-31,si
5347,A0081,G1,2025-03-31,si
5348,A0081,G1,2025-04-07,si
5349,A0081,G1,2025-04-07,si
5350,A0081,G1,2025-04-14,si
5351,A0081,G1,2025-04-14,si
5352,A0081,G1,2025-04-21,no
5353,A0081,G1,2025-04-21,no
5354,A0081,G1,2025-04-28,si
5355,A0081,G1,2025-04-28,si
5356,A0081,G1,2025-05-05,si
5357,A0081,G1,2025-05-05,si
5358,A0081,G1,2025-05-12,si
5359,A0081,G1,2025-05-12,si
5360,A0081,G1,2025-05-19,si
5361,A0081,G1,2025-05-19,si
5362,A0081,G1,2025-05-26,si
5363,A0081,G1,2025-05-26,si
5364,A0081,G1,2025-06-02,si
5365,A0081,G1,2025-06-02,si
5366,A0081,G1,2025-06-09,si
5367,A0081,G1,2025-06-09,si
5368,A0081,G1,2025-06-16,si
5369,A0081,G1,2025-06-16,si
5370,A0081,G1,2025-06-23,no
5371,A0081,G1,2025-06-23,si
5372,A0081,G1,2025-06-30,si
5373,A0081,G1,2025-06-30,si
5374,A0081,G1,2025-07-07,si
5375,A0081,G1,2025-07-07,si
5376,A0081,G1,2025-07-14,no
5377,A0081,G1,2025-07-14,si
5378,A0081,G1,2025-07-21,si
5379,A0081,G1,2025-07-21,si
5380,A0081,G1,2025-07-28,si
5381,A0081,G1,2025-07-28,si
5382,A0081,G1,2025-08-04,si
5383,A0081,G1,2025-08-04,no
5384,A0081,G1,2025-08-11,si
5385,A0081,G1,2025-08-11,si
5386,A0082,G5,2025-07-06,no
5387,A0082,G5,2025-07-06,si
5388,A0082,G5,2025-07-13,si
5389,A0082,G5,2025-07-13,si
5390,A0082,G5,2025-07-20,si
5391,A0082,G5,2025-07-20,si
5392,A0082,G5,2025-07-27,si
5393,A0082,G5,2025-07-27,si
5394,A0082,G5,2025-08-03,si
5395,A0082,G5,2025-08-03,no
5396,A0082,G5,2025-08-10,si
5397,A0082,G5,2025-08-10,si
5398,A0082,G5,2025-08-17,si
5399,A0082,G5,2025-08-17,si
5400,A0083,G5,2024-10-09,si
5401,A0083,G5,2024-10-09,si
5402,A0083,G5,2024-10-16,si
5403,A0083,G5,2024-10-16,si
5404,A0083,G5,2024-10-23,si
5405,A0083,G5,2024-10-23,si
5406,A0083,G5,2024-10-30,si
5407,A0083,G5,2024-10-30,si
5408,A0083,G5,2024-11-06,si
5409,A0083,G5,2024-11-06,si
5410,A0083,G5,2024-11-13,si
5411,A0083,G5,2024-11-13,si
5412,A0083,G5,2024-11-20,si
5413,A0083,G5,2024-11-20,si
5414,A0083,G5,2024-11-27,si
5415,A0083,G5,2024-11-27,no
5416,A0083,G5,2024-12-04,si
5417,A0083,G5,2024-12-04,si
5418,A0083,G5,2024-12-11,si
5419,A0083,G5,2024-12-11,si
5420,A0083,G5,2024-12-18,no
5421,A0083,G5,2024-12-18,si
5422,A0083,G5,2024-12-25,si
5423,A0083,G5,2024-12-25,si
5424,A0083,G5,2025-01-01,si
5425,A0083,G5,2025-01-01,si
5426,A0083,G5,2025-01-08,si
5427,A0083,G5,2025-01-08,no
5428,A0083,G5,2025-01-15,si
5429,A0083,G5,2025-01-15,si
5430,A0083,G5,2025-01-22,si
5431,A0083,G5,2025-01-22,si
5432,A0083,G5,2025-01-29,si
5433,A0083,G5,2025-01-29,si
5434,A0083,G5,2025-02-05,si
5435,A0083,G5,2025-02-05,si
5436,A0083,G5,2025-02-12,si
5437,A0083,G5,2025-02-12,si
5438,A0083,G5,2025-02-19,si
5439,A0083,G5,2025-02-19,si
5440,A0083,G5,2025-02-26,si
5441,A0083,G5,2025-02-26,no
5442,A0083,G5,2025-03-05,si
5443,A0083,G5,2025-03-05,si
5444,A0083,G5,2025-03-12,si
5445,A0083,G5,2025-03-12,si
5446,A0083,G5,2025-03-19,si
5447,A0083,G5,2025-03-19,si
5448,A0083,G5,2025-03-26,si
5449,A0083,G5,2025-03-26,si
5450,A0083,G5,2025-04-02,si
5451,A0083,G5,2025-04-02,si
5452,A0083,G5,2025-04-09,si
5453,A0083,G5,2025-04-09,si
5454,A0083,G5,2025-04-16,si
5455,A0083,G5,2025-04-16,si
5456,A0083,G5,2025-04-23,si
5457,A0083,G5,2025-04-23,si
5458,A0083,G5,2025-04-30,si
5459,A0083,G5,2025-04-30,si
5460,A0083,G5,2025-05-07,si
5461,A0083,G5,2025-05-07,si
5462,A0083,G5,2025-05-14,si
5463,A0083,G5,2025-05-14,si
5464,A0083,G5,2025-05-21,si
5465,A0083,G5,2025-05-21,no
5466,A0083,G5,2025-05-28,si
5467,A0083,G5,2025-05-28,si
5468,A0083,G5,2025-06-04,si
5469,A0083,G5,2025-06-04,si
5470,A0083,G5,2025-06-11,si
5471,A0083,G5,2025-06-11,si
5472,A0083,G5,2025-06-18,si
5473,A0083,G5,2025-06-18,no
5474,A0083,G5,2025-06-25,si
5475,A0083,G5,2025-06-25,si
5476,A0083,G5,2025-07-02,si
5477,A0083,G5,2025-07-02,si
5478,A0083,G5,2025-07-09,si
5479,A0083,G5,2025-07-09,no
5480,A0083,G5,2025-07-16,si
5481,A0083,G5,2025-07-16,si
5482,A0083,G5,2025-07-23,si
5483,A0083,G5,2025-07-23,si
5484,A0083,G5,2025-07-30,si
5485,A0083,G5,2025-07-30,si
5486,A0083,G5,2025-08-06,si
5487,A0083,G5,2025-08-06,no
5488,A0083,G5,2025-08-13,si
5489,A0083,G5,2025-08-13,no
5490,A0084,G4,2025-01-05,si
5491,A0084,G4,2025-01-05,si
5492,A0084,G4,2025-01-12,si
5493,A0084,G4,2025-01-12,si
5494,A0084,G4,2025-01-19,si
5495,A0084,G4,2025-01-19,si
5496,A0084,G4,2025-01-26,si
5497,A0084,G4,2025-01-26,si
5498,A0084,G4,2025-02-02,si
5499,A0084,G4,2025-02-02,no
5500,A0084,G4,2025-02-09,si
5501,A0084,G4,2025-02-09,si
5502,A0084,G4,2025-02-16,si
5503,A0084,G4,2025-02-16,si
5504,A0084,G4,2025-02-23,si
5505,A0084,G4,2025-02-23,si
5506,A0084,G4,2025-03-02,si
5507,A0084,G4,2025-03-02,si
5508,A0084,G4,2025-03-09,si
5509,A0084,G4,2025-03-09,si
5510,A0084,G4,2025-03-16,si
5511,A0084,G4,2025-03-16,no
5512,A0084,G4,2025-03-23,si
5513,A0084,G4,2025-03-23,si
5514,A0084,G4,2025-03-30,si
5515,A0084,G4,2025-03-30,si
5516,A0084,G4,2025-04-06,si
5517,A0084,G4,2025-04-06,si
5518,A0084,G4,2025-04-13,si
5519,A0084,G4,2025-04-13,si
5520,A0084,G4,2025-04-20,si
5521,A0084,G4,2025-04-20,si
5522,A0084,G4,2025-04-27,si
5523,A0084,G4,2025-04-27,si
5524,A0084,G4,2025-05-04,si
5525,A0084,G4,2025-05-04,si
5526,A0084,G4,2025-05-11,si
5527,A0084,G4,2025-05-11,no
5528,A0084,G4,2025-05-18,si
5529,A0084,G4,2025-05-18,si
5530,A0084,G4,2025-05-25,si
5531,A0084,G4,2025-05-25,si
5532,A0084,G4,2025-06-01,si
5533,A0084,G4,2025-06-01,si
5534,A0084,G4,2025-06-08,si
5535,A0084,G4,2025-06-08,si
5536,A0084,G4,2025-06-15,no
5537,A0084,G4,2025-06-15,si
5538,A0084,G4,2025-06-22,si
5539,A0084,G4,2025-06-22,si
5540,A0084,G4,2025-06-29,si
5541,A0084,G4,2025-06-29,no
5542,A0084,G4,2025-07-06,no
5543,A0084,G4,2025-07-06,no
5544,A0084,G4,2025-07-13,si
5545,A0084,G4,2025-07-13,si
5546,A0084,G4,2025-07-20,si
5547,A0084,G4,2025-07-20,si
5548,A0084,G4,2025-07-27,si
5549,A0084,G4,2025-07-27,si
5550,A0084,G4,2025-08-03,no
5551,A0084,G4,2025-08-03,si
5552,A0084,G4,2025-08-10,si
5553,A0084,G4,2025-08-10,si
5554,A0084,G4,2025-08-17,si
5555,A0084,G4,2025-08-17,si
5556,A0085,G5,2024-06-06,no
5557,A0085,G5,2024-06-06,no
5558,A0085,G5,2024-06-13,no
5559,A0085,G5,2024-06-13,si
5560,A0085,G5,2024-06-20,si
5561,A0085,G5,2024-06-20,no
5562,A0086,G5,2025-02-15,si
5563,A0086,G5,2025-02-15,si
5564,A0086,G5,2025-02-22,si
5565,A0086,G5,2025-02-22,si
5566,A0086,G5,2025-03-01,si
5567,A0086,G5,2025-03-01,si
5568,A0086,G5,2025-03-08,si
5569,A0086,G5,2025-03-08,si
5570,A0086,G5,2025-03-15,si
5571,A0086,G5,2025-03-15,no
5572,A0086,G5,2025-03-22,si
5573,A0086,G5,2025-03-22,no
5574,A0086,G5,2025-03-29,no
5575,A0086,G5,2025-03-29,si
5576,A0086,G5,2025-04-05,no
5577,A0086,G5,2025-04-05,si
5578,A0086,G5,2025-04-12,si
5579,A0086,G5,2025-04-12,si
5580,A0086,G5,2025-04-19,si
5581,A0086,G5,2025-04-19,si
5582,A0086,G5,2025-04-26,si
5583,A0086,G5,2025-04-26,si
5584,A0086,G5,2025-05-03,si
5585,A0086,G5,2025-05-03,si
5586,A0086,G5,2025-05-10,si
5587,A0086,G5,2025-05-10,no
5588,A0086,G5,2025-05-17,si
5589,A0086,G5,2025-05-17,no
5590,A0086,G5,2025-05-24,si
5591,A0086,G5,2025-05-24,si
5592,A0086,G5,2025-05-31,si
5593,A0086,G5,2025-05-31,si
5594,A0086,G5,2025-06-07,si
5595,A0086,G5,2025-06-07,si
5596,A0086,G5,2025-06-14,si
5597,A0086,G5,2025-06-14,si
5598,A0086,G5,2025-06-21,si
5599,A0086,G5,2025-06-21,si
5600,A0086,G5,2025-06-28,si
5601,A0086,G5,2025-06-28,si
5602,A0086,G5,2025-07-05,si
5603,A0086,G5,2025-07-05,si
5604,A0086,G5,2025-07-12,no
5605,A0086,G5,2025-07-12,si
5606,A0086,G5,2025-07-19,si
5607,A0086,G5,2025-07-19,no
5608,A0086,G5,2025-07-26,no
5609,A0086,G5,2025-07-26,si
5610,A0086,G5,2025-08-02,si
5611,A0086,G5,2025-08-02,si
5612,A0086,G5,2025-08-09,si
5613,A0086,G5,2025-08-09,si
5614,A0086,G5,2025-08-16,si
5615,A0086,G5,2025-08-16,no
5616,A0087,G6,2024-06-09,si
5617,A0087,G6,2024-06-16,si
5618,A0087,G6,2024-06-23,si
5619,A0087,G6,2024-06-30,si
5620,A0087,G6,2024-07-07,si
5621,A0087,G6,2024-07-14,si
5622,A0087,G6,2024-07-21,si
5623,A0087,G6,2024-07-28,si
5624,A0087,G6,2024-08-04,si
5625,A0087,G6,2024-08-11,si
5626,A0087,G6,2024-08-18,si
5627,A0087,G6,2024-08-25,si
5628,A0087,G6,2024-09-01,si
5629,A0087,G6,2024-09-08,si
5630,A0087,G6,2024-09-15,si
5631,A0087,G6,2024-09-22,si
5632,A0087,G6,2024-09-29,si
5633,A0087,G6,2024-10-06,si
5634,A0087,G6,2024-10-13,si
5635,A0087,G6,2024-10-20,si
5636,A0087,G6,2024-10-27,si
5637,A0087,G6,2024-11-03,si
5638,A0087,G6,2024-11-10,si
5639,A0087,G6,2024-11-17,no
5640,A0087,G6,2024-11-24,no
5641,A0087,G6,2024-12-01,si
5642,A0087,G6,2024-12-08,si
5643,A0087,G6,2024-12-15,no
5644,A0087,G6,2024-12-22,si
5645,A0087,G6,2024-12-29,si
5646,A0087,G6,2025-01-05,si
5647,A0087,G6,2025-01-12,si
5648,A0087,G6,2025-01-19,si
5649,A0087,G6,2025-01-26,no
5650,A0087,G6,2025-02-02,si
5651,A0087,G6,2025-02-09,si
5652,A0087,G6,2025-02-16,si
5653,A0087,G6,2025-02-23,si
5654,A0087,G6,2025-03-02,si
5655,A0087,G6,2025-03-09,si
5656,A0087,G6,2025-03-16,si
5657,A0087,G6,2025-03-23,si
5658,A0087,G6,2025-03-30,si
5659,A0087,G6,2025-04-06,si
5660,A0087,G6,2025-04-13,si
5661,A0087,G6,2025-04-20,si
5662,A0087,G6,2025-04-27,si
5663,A0087,G6,2025-05-04,si
5664,A0087,G6,2025-05-11,si
5665,A0087,G6,2025-05-18,si
5666,A0087,G6,2025-05-25,si
5667,A0087,G6,2025-06-01,si
5668,A0087,G6,2025-06-08,si
5669,A0087,G6,2025-06-15,si
5670,A0087,G6,2025-06-22,si
5671,A0087,G6,2025-06-29,si
5672,A0087,G6,2025-07-06,si
5673,A0087,G6,2025-07-13,si
5674,A0087,G6,2025-07-20,si
5675,A0087,G6,2025-07-27,si
5676,A0087,G6,2025-08-03,si
5677,A0087,G6,2025-08-10,si
5678,A0087,G6,2025-08-17,si
5679,A0088,G6,2025-06-15,no
5680,A0088,G6,2025-06-22,si
5681,A0088,G6,2025-06-29,si
5682,A0088,G6,2025-07-06,si
5683,A0088,G6,2025-07-13,si
5684,A0088,G6,2025-07-20,si
5685,A0088,G6,2025-07-27,si
5686,A0089,G3,2024-09-23,si
5687,A0089,G3,2024-09-30,no
5688,A0089,G3,2024-10-07,si
5689,A0089,G3,2024-10-14,si
5690,A0089,G3,2024-10-21,si
5691,A0089,G3,2024-10-28,si
5692,A0089,G3,2024-11-04,si
5693,A0089,G3,2024-11-11,si
5694,A0089,G3,2024-11-18,si
5695,A0089,G3,2024-11-25,si
5696,A0089,G3,2024-12-02,si
5697,A0089,G3,2024-12-09,si
5698,A0089,G3,2024-12-16,si
5699,A0089,G3,2024-12-23,si
5700,A0089,G3,2024-12-30,si
5701,A0089,G3,2025-01-06,si
5702,A0089,G3,2025-01-13,si
5703,A0089,G3,2025-01-20,si
5704,A0089,G3,2025-01-27,si
5705,A0089,G3,2025-02-03,si
5706,A0089,G3,2025-02-10,si
5707,A0089,G3,2025-02-17,si
5708,A0089,G3,2025-02-24,si
5709,A0089,G3,2025-03-03,si
5710,A0089,G3,2025-03-10,si
5711,A0089,G3,2025-03-17,no
5712,A0089,G3,2025-03-24,si
5713,A0089,G3,2025-03-31,si
5714,A0089,G3,2025-04-07,no
5715,A0089,G3,2025-04-14,si
5716,A0089,G3,2025-04-21,no
5717,A0089,G3,2025-04-28,si
5718,A0089,G3,2025-05-05,si
5719,A0089,G3,2025-05-12,si
5720,A0089,G3,2025-05-19,si
5721,A0089,G3,2025-05-26,si
5722,A0089,G3,2025-06-02,si
5723,A0089,G3,2025-06-09,no
5724,A0089,G3,2025-06-16,si
5725,A0089,G3,2025-06-23,si
5726,A0089,G3,2025-06-30,si
5727,A0089,G3,2025-07-07,si
5728,A0089,G3,2025-07-14,si
5729,A0089,G3,2025-07-21,si
5730,A0089,G3,2025-07-28,si
5731,A0089,G3,2025-08-04,si
5732,A0089,G3,2025-08-11,si
5733,A0090,G2,2024-10-02,si
5734,A0090,G2,2024-10-02,si
5735,A0090,G2,2024-10-09,si
5736,A0090,G2,2024-10-09,si
5737,A0090,G2,2024-10-16,si
5738,A0090,G2,2024-10-16,si
5739,A0090,G2,2024-10-23,si
5740,A0090,G2,2024-10-23,si
5741,A0090,G2,2024-10-30,si
5742,A0090,G2,2024-10-30,si
5743,A0090,G2,2024-11-06,no
5744,A0090,G2,2024-11-06,si
5745,A0090,G2,2024-11-13,si
5746,A0090,G2,2024-11-13,si
5747,A0090,G2,2024-11-20,si
5748,A0090,G2,2024-11-20,si
5749,A0090,G2,2024-11-27,si
5750,A0090,G2,2024-11-27,no
5751,A0090,G2,2024-12-04,si
5752,A0090,G2,2024-12-04,si
5753,A0090,G2,2024-12-11,si
5754,A0090,G2,2024-12-11,no
5755,A0090,G2,2024-12-18,no
5756,A0090,G2,2024-12-18,no
5757,A0090,G2,2024-12-25,si
5758,A0090,G2,2024-12-25,si
5759,A0090,G2,2025-01-01,si
5760,A0090,G2,2025-01-01,si
5761,A0090,G2,2025-01-08,si
5762,A0090,G2,2025-01-08,si
5763,A0090,G2,2025-01-15,si
5764,A0090,G2,2025-01-15,si
5765,A0090,G2,2025-01-22,si
5766,A0090,G2,2025-01-22,no
5767,A0090,G2,2025-01-29,no
5768,A0090,G2,2025-01-29,si
5769,A0090,G2,2025-02-05,si
5770,A0090,G2,2025-02-05,si
5771,A0090,G2,2025-02-12,si
5772,A0090,G2,2025-02-12,si
5773,A0090,G2,2025-02-19,si
5774,A0090,G2,2025-02-19,si
5775,A0090,G2,2025-02-26,si
5776,A0090,G2,2025-02-26,si
5777,A0090,G2,2025-03-05,si
5778,A0090,G2,2025-03-05,si
5779,A0090,G2,2025-03-12,si
5780,A0090,G2,2025-03-12,si
5781,A0090,G2,2025-03-19,no
5782,A0090,G2,2025-03-19,si
5783,A0090,G2,2025-03-26,no
5784,A0090,G2,2025-03-26,si
5785,A0090,G2,2025-04-02,si
5786,A0090,G2,2025-04-02,si
5787,A0090,G2,2025-04-09,si
5788,A0090,G2,2025-04-09,si
5789,A0090,G2,2025-04-16,si
5790,A0090,G2,2025-04-16,si
5791,A0090,G2,2025-04-23,si
5792,A0090,G2,2025-04-23,si
5793,A0090,G2,2025-04-30,si
5794,A0090,G2,2025-04-30,si
5795,A0090,G2,2025-05-07,no
5796,A0090,G2,2025-05-07,si
5797,A0090,G2,2025-05-14,si
5798,A0090,G2,2025-05-14,si
5799,A0090,G2,2025-05-21,no
5800,A0090,G2,2025-05-21,no
5801,A0090,G2,2025-05-28,si
5802,A0090,G2,2025-05-28,no
5803,A0090,G2,2025-06-04,si
5804,A0090,G2,2025-06-04,si
5805,A0090,G2,2025-06-11,si
5806,A0090,G2,2025-06-11,si
5807,A0090,G2,2025-06-18,si
5808,A0090,G2,2025-06-18,si
5809,A0090,G2,2025-06-25,si
5810,A0090,G2,2025-06-25,si
5811,A0090,G2,2025-07-02,si
5812,A0090,G2,2025-07-02,si
5813,A0090,G2,2025-07-09,si
5814,A0090,G2,2025-07-09,si
5815,A0090,G2,2025-07-16,si
5816,A0090,G2,2025-07-16,si
5817,A0090,G2,2025-07-23,si
5818,A0090,G2,2025-07-23,si
5819,A0090,G2,2025-07-30,si
5820,A0090,G2,2025-07-30,si
5821,A0090,G2,2025-08-06,si
5822,A0090,G2,2025-08-06,si
5823,A0090,G2,2025-08-13,no
5824,A0090,G2,2025-08-13,si
5825,A0091,G6,2025-06-06,si
5826,A0091,G6,2025-06-13,si
5827,A0091,G6,2025-06-20,si
5828,A0091,G6,2025-06-27,si
5829,A0091,G6,2025-07-04,no
5830,A0091,G6,2025-07-11,si
5831,A0092,G3,2024-07-25,si
5832,A0092,G3,2024-08-01,si
5833,A0092,G3,2024-08-08,si
5834,A0092,G3,2024-08-15,si
5835,A0092,G3,2024-08-22,si
5836,A0092,G3,2024-08-29,si
5837,A0092,G3,2024-09-05,si
5838,A0092,G3,2024-09-12,si
5839,A0092,G3,2024-09-19,si
5840,A0092,G3,2024-09-26,si
5841,A0092,G3,2024-10-03,si
5842,A0092,G3,2024-10-10,si
5843,A0092,G3,2024-10-17,si
5844,A0092,G3,2024-10-24,no
5845,A0092,G3,2024-10-31,si
5846,A0092,G3,2024-11-07,si
5847,A0092,G3,2024-11-14,si
5848,A0092,G3,2024-11-21,si
5849,A0092,G3,2024-11-28,no
5850,A0092,G3,2024-12-05,si
5851,A0092,G3,2024-12-12,si
5852,A0092,G3,2024-12-19,si
5853,A0092,G3,2024-12-26,si
5854,A0092,G3,2025-01-02,si
5855,A0092,G3,2025-01-09,no
5856,A0092,G3,2025-01-16,si
5857,A0092,G3,2025-01-23,si
5858,A0092,G3,2025-01-30,si
5859,A0092,G3,2025-02-06,si
5860,A0092,G3,2025-02-13,si
5861,A0092,G3,2025-02-20,no
5862,A0092,G3,2025-02-27,no
5863,A0092,G3,2025-03-06,no
5864,A0092,G3,2025-03-13,si
5865,A0092,G3,2025-03-20,no
5866,A0092,G3,2025-03-27,si
5867,A0092,G3,2025-04-03,si
5868,A0092,G3,2025-04-10,no
5869,A0092,G3,2025-04-17,si
5870,A0092,G3,2025-04-24,si
5871,A0092,G3,2025-05-01,si
5872,A0092,G3,2025-05-08,si
5873,A0092,G3,2025-05-15,si
5874,A0092,G3,2025-05-22,si
5875,A0092,G3,2025-05-29,si
5876,A0092,G3,2025-06-05,si
5877,A0092,G3,2025-06-12,si
5878,A0092,G3,2025-06-19,si
5879,A0092,G3,2025-06-26,si
5880,A0092,G3,2025-07-03,no
5881,A0092,G3,2025-07-10,si
5882,A0092,G3,2025-07-17,si
5883,A0092,G3,2025-07-24,no
5884,A0092,G3,2025-07-31,si
5885,A0092,G3,2025-08-07,si
5886,A0092,G3,2025-08-14,si
5887,A0093,G5,2025-01-30,si
5888,A0093,G5,2025-01-30,si
5889,A0093,G5,2025-02-06,si
5890,A0093,G5,2025-02-06,si
5891,A0093,G5,2025-02-13,si
5892,A0093,G5,2025-02-13,si
5893,A0093,G5,2025-02-20,si
5894,A0093,G5,2025-02-20,si
5895,A0093,G5,2025-02-27,si
5896,A0093,G5,2025-02-27,si
5897,A0093,G5,2025-03-06,si
5898,A0093,G5,2025-03-06,si
5899,A0093,G5,2025-03-13,si
5900,A0093,G5,2025-03-13,si
5901,A0093,G5,2025-03-20,si
5902,A0093,G5,2025-03-20,si
5903,A0093,G5,2025-03-27,si
5904,A0093,G5,2025-03-27,si
5905,A0093,G5,2025-04-03,si
5906,A0093,G5,2025-04-03,si
5907,A0093,G5,2025-04-10,si
5908,A0093,G5,2025-04-10,si
5909,A0093,G5,2025-04-17,si
5910,A0093,G5,2025-04-17,no
5911,A0093,G5,2025-04-24,si
5912,A0093,G5,2025-04-24,no
5913,A0093,G5,2025-05-01,si
5914,A0093,G5,2025-05-01,si
5915,A0093,G5,2025-05-08,si
5916,A0093,G5,2025-05-08,si
5917,A0093,G5,2025-05-15,si
5918,A0093,G5,2025-05-15,si
5919,A0093,G5,2025-05-22,si
5920,A0093,G5,2025-05-22,si
5921,A0093,G5,2025-05-29,si
5922,A0093,G5,2025-05-29,si
5923,A0093,G5,2025-06-05,si
5924,A0093,G5,2025-06-05,si
5925,A0093,G5,2025-06-12,si
5926,A0093,G5,2025-06-12,si
5927,A0093,G5,2025-06-19,si
5928,A0093,G5,2025-06-19,si
5929,A0093,G5,2025-06-26,si
5930,A0093,G5,2025-06-26,si
5931,A0093,G5,2025-07-03,si
5932,A0093,G5,2025-07-03,no
5933,A0093,G5,2025-07-10,si
5934,A0093,G5,2025-07-10,si
5935,A0093,G5,2025-07-17,si
5936,A0093,G5,2025-07-17,si
5937,A0093,G5,2025-07-24,no
5938,A0093,G5,2025-07-24,si
5939,A0093,G5,2025-07-31,si
5940,A0093,G5,2025-07-31,si
5941,A0093,G5,2025-08-07,si
5942,A0093,G5,2025-08-07,si
5943,A0093,G5,2025-08-14,no
5944,A0093,G5,2025-08-14,si
5945,A0094,G6,2024-06-18,si
5946,A0094,G6,2024-06-25,si
5947,A0094,G6,2024-07-02,si
5948,A0094,G6,2024-07-09,no
5949,A0094,G6,2024-07-16,si
5950,A0094,G6,2024-07-23,si
5951,A0094,G6,2024-07-30,si
5952,A0094,G6,2024-08-06,si
5953,A0094,G6,2024-08-13,si
5954,A0094,G6,2024-08-20,si
5955,A0094,G6,2024-08-27,si
5956,A0094,G6,2024-09-03,si
5957,A0094,G6,2024-09-10,si
5958,A0094,G6,2024-09-17,si
5959,A0094,G6,2024-09-24,si
5960,A0094,G6,2024-10-01,si
5961,A0094,G6,2024-10-08,si
5962,A0094,G6,2024-10-15,no
5963,A0094,G6,2024-10-22,si
5964,A0094,G6,2024-10-29,si
5965,A0094,G6,2024-11-05,si
5966,A0094,G6,2024-11-12,si
5967,A0094,G6,2024-11-19,si
5968,A0094,G6,2024-11-26,si
5969,A0094,G6,2024-12-03,si
5970,A0094,G6,2024-12-10,no
5971,A0094,G6,2024-12-17,no
5972,A0094,G6,2024-12-24,si
5973,A0094,G6,2024-12-31,si
5974,A0094,G6,2025-01-07,si
5975,A0094,G6,2025-01-14,si
5976,A0094,G6,2025-01-21,si
5977,A0094,G6,2025-01-28,si
5978,A0094,G6,2025-02-04,si
5979,A0094,G6,2025-02-11,si
5980,A0094,G6,2025-02-18,no
5981,A0094,G6,2025-02-25,si
5982,A0094,G6,2025-03-04,si
5983,A0094,G6,2025-03-11,si
5984,A0094,G6,2025-03-18,si
5985,A0094,G6,2025-03-25,si
5986,A0094,G6,2025-04-01,si
5987,A0094,G6,2025-04-08,si
5988,A0094,G6,2025-04-15,si
5989,A0094,G6,2025-04-22,si
5990,A0094,G6,2025-04-29,si
5991,A0094,G6,2025-05-06,no
5992,A0094,G6,2025-05-13,si
5993,A0094,G6,2025-05-20,si
5994,A0094,G6,2025-05-27,no
5995,A0094,G6,2025-06-03,si
5996,A0094,G6,2025-06-10,si
5997,A0094,G6,2025-06-17,si
5998,A0094,G6,2025-06-24,si
5999,A0094,G6,2025-07-01,si
6000,A0094,G6,2025-07-08,si
6001,A0094,G6,2025-07-15,si
6002,A0094,G6,2025-07-22,si
6003,A0094,G6,2025-07-29,si
6004,A0094,G6,2025-08-05,si
6005,A0094,G6,2025-08-12,si
6006,A0095,G6,2024-05-26,no
6007,A0095,G6,2024-06-02,si
6008,A0095,G6,2024-06-09,no
6009,A0095,G6,2024-06-16,si
6010,A0095,G6,2024-06-23,si
6011,A0095,G6,2024-06-30,si
6012,A0095,G6,2024-07-07,no
6013,A0095,G6,2024-07-14,si
6014,A0095,G6,2024-07-21,si
6015,A0095,G6,2024-07-28,no
6016,A0095,G6,2024-08-04,si
6017,A0095,G6,2024-08-11,si
6018,A0095,G6,2024-08-18,si
6019,A0095,G6,2024-08-25,si
6020,A0095,G6,2024-09-01,si
6021,A0095,G6,2024-09-08,no
6022,A0095,G6,2024-09-15,si
6023,A0095,G6,2024-09-22,no
6024,A0095,G6,2024-09-29,si
6025,A0095,G6,2024-10-06,si
6026,A0095,G6,2024-10-13,si
6027,A0095,G6,2024-10-20,si
6028,A0095,G6,2024-10-27,si
6029,A0095,G6,2024-11-03,si
6030,A0095,G6,2024-11-10,si
6031,A0095,G6,2024-11-17,si
6032,A0095,G6,2024-11-24,si
6033,A0095,G6,2024-12-01,no
6034,A0095,G6,2024-12-08,si
6035,A0095,G6,2024-12-15,si
6036,A0095,G6,2024-12-22,no
6037,A0095,G6,2024-12-29,si
6038,A0095,G6,2025-01-05,si
6039,A0095,G6,2025-01-12,si
6040,A0095,G6,2025-01-19,si
6041,A0095,G6,2025-01-26,si
6042,A0095,G6,2025-02-02,si
6043,A0095,G6,2025-02-09,si
6044,A0095,G6,2025-02-16,si
6045,A0095,G6,2025-02-23,si
6046,A0095,G6,2025-03-02,si
6047,A0095,G6,2025-03-09,si
6048,A0095,G6,2025-03-16,si
6049,A0095,G6,2025-03-23,si
6050,A0095,G6,2025-03-30,si
6051,A0095,G6,2025-04-06,no
6052,A0095,G6,2025-04-13,si
6053,A0095,G6,2025-04-20,si
6054,A0095,G6,2025-04-27,si
6055,A0095,G6,2025-05-04,no
6056,A0095,G6,2025-05-11,si
6057,A0095,G6,2025-05-18,si
6058,A0095,G6,2025-05-25,si
6059,A0095,G6,2025-06-01,si
6060,A0095,G6,2025-06-08,si
6061,A0095,G6,2025-06-15,no
6062,A0095,G6,2025-06-22,si
6063,A0095,G6,2025-06-29,si
6064,A0095,G6,2025-07-06,no
6065,A0095,G6,2025-07-13,si
6066,A0095,G6,2025-07-20,si
6067,A0095,G6,2025-07-27,si
6068,A0095,G6,2025-08-03,si
6069,A0095,G6,2025-08-10,si
6070,A0095,G6,2025-08-17,si
6071,A0096,G6,2025-01-19,si
6072,A0096,G6,2025-01-26,si
6073,A0096,G6,2025-02-02,si
6074,A0096,G6,2025-02-09,si
6075,A0096,G6,2025-02-16,si
6076,A0096,G6,2025-02-23,si
6077,A0096,G6,2025-03-02,si
6078,A0096,G6,2025-03-09,no
6079,A0096,G6,2025-03-16,no
6080,A0096,G6,2025-03-23,no
6081,A0096,G6,2025-03-30,si
6082,A0096,G6,2025-04-06,si
6083,A0096,G6,2025-04-13,no
6084,A0096,G6,2025-04-20,si
6085,A0096,G6,2025-04-27,si
6086,A0096,G6,2025-05-04,si
6087,A0096,G6,2025-05-11,si
6088,A0096,G6,2025-05-18,si
6089,A0096,G6,2025-05-25,si
6090,A0096,G6,2025-06-01,si
6091,A0096,G6,2025-06-08,si
6092,A0096,G6,2025-06-15,si
6093,A0096,G6,2025-06-22,si
6094,A0096,G6,2025-06-29,si
6095,A0096,G6,2025-07-06,si
6096,A0096,G6,2025-07-13,si
6097,A0096,G6,2025-07-20,si
6098,A0096,G6,2025-07-27,si
6099,A0096,G6,2025-08-03,si
6100,A0096,G6,2025-08-10,no
6101,A0096,G6,2025-08-17,si
6102,A0097,G2,2025-02-08,si
6103,A0097,G2,2025-02-08,si
6104,A0097,G2,2025-02-15,si
6105,A0097,G2,2025-02-15,no
6106,A0097,G2,2025-02-22,no
6107,A0097,G2,2025-02-22,si
6108,A0097,G2,2025-03-01,si
6109,A0097,G2,2025-03-01,si
6110,A0097,G2,2025-03-08,si
6111,A0097,G2,2025-03-08,si
6112,A0097,G2,2025-03-15,si
6113,A0097,G2,2025-03-15,si
6114,A0097,G2,2025-03-22,si
6115,A0097,G2,2025-03-22,no
6116,A0097,G2,2025-03-29,si
6117,A0097,G2,2025-03-29,si
6118,A0098,G4,2025-01-07,si
6119,A0098,G4,2025-01-07,si
6120,A0098,G4,2025-01-14,si
6121,A0098,G4,2025-01-14,si
6122,A0098,G4,2025-01-21,si
6123,A0098,G4,2025-01-21,no
6124,A0098,G4,2025-01-28,si
6125,A0098,G4,2025-01-28,si
6126,A0098,G4,2025-02-04,si
6127,A0098,G4,2025-02-04,no
6128,A0098,G4,2025-02-11,si
6129,A0098,G4,2025-02-11,si
6130,A0098,G4,2025-02-18,si
6131,A0098,G4,2025-02-18,si
6132,A0098,G4,2025-02-25,si
6133,A0098,G4,2025-02-25,si
6134,A0098,G4,2025-03-04,si
6135,A0098,G4,2025-03-04,no
6136,A0098,G4,2025-03-11,si
6137,A0098,G4,2025-03-11,si
6138,A0098,G4,2025-03-18,si
6139,A0098,G4,2025-03-18,si
6140,A0098,G4,2025-03-25,si
6141,A0098,G4,2025-03-25,si
6142,A0098,G4,2025-04-01,no
6143,A0098,G4,2025-04-01,si
6144,A0098,G4,2025-04-08,si
6145,A0098,G4,2025-04-08,si
6146,A0098,G4,2025-04-15,si
6147,A0098,G4,2025-04-15,si
6148,A0098,G4,2025-04-22,si
6149,A0098,G4,2025-04-22,si
6150,A0098,G4,2025-04-29,si
6151,A0098,G4,2025-04-29,si
6152,A0098,G4,2025-05-06,si
6153,A0098,G4,2025-05-06,si
6154,A0098,G4,2025-05-13,si
6155,A0098,G4,2025-05-13,si
6156,A0098,G4,2025-05-20,si
6157,A0098,G4,2025-05-20,si
6158,A0098,G4,2025-05-27,si
6159,A0098,G4,2025-05-27,si
6160,A0098,G4,2025-06-03,si
6161,A0098,G4,2025-06-03,si
6162,A0098,G4,2025-06-10,si
6163,A0098,G4,2025-06-10,si
6164,A0098,G4,2025-06-17,si
6165,A0098,G4,2025-06-17,si
6166,A0098,G4,2025-06-24,no
6167,A0098,G4,2025-06-24,si
6168,A0098,G4,2025-07-01,si
6169,A0098,G4,2025-07-01,si
6170,A0098,G4,2025-07-08,no
6171,A0098,G4,2025-07-08,si
6172,A0098,G4,2025-07-15,si
6173,A0098,G4,2025-07-15,si
6174,A0098,G4,2025-07-22,si
6175,A0098,G4,2025-07-22,si
6176,A0098,G4,2025-07-29,si
6177,A0098,G4,2025-07-29,si
6178,A0098,G4,2025-08-05,si
6179,A0098,G4,2025-08-05,si
6180,A0098,G4,2025-08-12,si
6181,A0098,G4,2025-08-12,si
6182,A0099,G4,2025-05-28,si
6183,A0099,G4,2025-05-28,si
6184,A0099,G4,2025-06-04,si
6185,A0099,G4,2025-06-04,si
6186,A0099,G4,2025-06-11,si
6187,A0099,G4,2025-06-11,no
6188,A0099,G4,2025-06-18,si
6189,A0099,G4,2025-06-18,si
6190,A0099,G4,2025-06-25,si
6191,A0099,G4,2025-06-25,si
6192,A0099,G4,2025-07-02,si
6193,A0099,G4,2025-07-02,si
6194,A0099,G4,2025-07-09,si
6195,A0099,G4,2025-07-09,si
6196,A0099,G4,2025-07-16,si
6197,A0099,G4,2025-07-16,si
6198,A0099,G4,2025-07-23,si
6199,A0099,G4,2025-07-23,si
6200,A0099,G4,2025-07-30,si
6201,A0099,G4,2025-07-30,no
6202,A0099,G4,2025-08-06,si
6203,A0099,G4,2025-08-06,si
6204,A0099,G4,2025-08-13,si
6205,A0099,G4,2025-08-13,si
6206,A0100,G6,2024-09-13,si
6207,A0100,G6,2024-09-20,si
6208,A0100,G6,2024-09-27,no
6209,A0100,G6,2024-10-04,si
6210,A0100,G6,2024-10-11,si
6211,A0100,G6,2024-10-18,si
6212,A0100,G6,2024-10-25,si
6213,A0100,G6,2024-11-01,si
6214,A0100,G6,2024-11-08,si
6215,A0100,G6,2024-11-15,si
6216,A0100,G6,2024-11-22,si
6217,A0100,G6,2024-11-29,si
6218,A0100,G6,2024-12-06,si
6219,A0100,G6,2024-12-13,si
6220,A0100,G6,2024-12-20,si
6221,A0100,G6,2024-12-27,si
6222,A0100,G6,2025-01-03,si
6223,A0100,G6,2025-01-10,si
6224,A0100,G6,2025-01-17,si
6225,A0100,G6,2025-01-24,si
6226,A0100,G6,2025-01-31,no
6227,A0100,G6,2025-02-07,si
6228,A0100,G6,2025-02-14,si
6229,A0100,G6,2025-02-21,si
6230,A0100,G6,2025-02-28,si
6231,A0100,G6,2025-03-07,no
6232,A0100,G6,2025-03-14,no
6233,A0100,G6,2025-03-21,no
6234,A0100,G6,2025-03-28,si
6235,A0100,G6,2025-04-04,si
6236,A0100,G6,2025-04-11,si
6237,A0100,G6,2025-04-18,si
6238,A0100,G6,2025-04-25,si
6239,A0100,G6,2025-05-02,si
6240,A0100,G6,2025-05-09,si
6241,A0100,G6,2025-05-16,no
6242,A0100,G6,2025-05-23,si
6243,A0100,G6,2025-05-30,si
6244,A0100,G6,2025-06-06,si
6245,A0100,G6,2025-06-13,si
6246,A0100,G6,2025-06-20,si
6247,A0100,G6,2025-06-27,si
6248,A0100,G6,2025-07-04,si
6249,A0100,G6,2025-07-11,si
6250,A0100,G6,2025-07-18,si
6251,A0100,G6,2025-07-25,si
6252,A0100,G6,2025-08-01,si
6253,A0100,G6,2025-08-08,si
6254,A0100,G6,2025-08-15,no
6255,A0101,G6,2025-02-16,no
6256,A0101,G6,2025-02-23,si
6257,A0101,G6,2025-03-02,no
6258,A0101,G6,2025-03-09,no
6259,A0101,G6,2025-03-16,no
6260,A0101,G6,2025-03-23,si
6261,A0101,G6,2025-03-30,si
6262,A0102,G6,2024-11-21,no
6263,A0102,G6,2024-11-28,si
6264,A0102,G6,2024-12-05,si
6265,A0102,G6,2024-12-12,si
6266,A0102,G6,2024-12-19,no
6267,A0102,G6,2024-12-26,si
6268,A0102,G6,2025-01-02,si
6269,A0102,G6,2025-01-09,si
6270,A0102,G6,2025-01-16,si
6271,A0102,G6,2025-01-23,si
6272,A0102,G6,2025-01-30,si
6273,A0102,G6,2025-02-06,si
6274,A0102,G6,2025-02-13,si
6275,A0102,G6,2025-02-20,si
6276,A0102,G6,2025-02-27,no
6277,A0102,G6,2025-03-06,si
6278,A0102,G6,2025-03-13,si
6279,A0102,G6,2025-03-20,si
6280,A0102,G6,2025-03-27,no
6281,A0102,G6,2025-04-03,si
6282,A0102,G6,2025-04-10,si
6283,A0102,G6,2025-04-17,si
6284,A0102,G6,2025-04-24,si
6285,A0102,G6,2025-05-01,no
6286,A0102,G6,2025-05-08,si
6287,A0102,G6,2025-05-15,si
6288,A0102,G6,2025-05-22,si
6289,A0102,G6,2025-05-29,si
6290,A0102,G6,2025-06-05,si
6291,A0102,G6,2025-06-12,si
6292,A0102,G6,2025-06-19,si
6293,A0102,G6,2025-06-26,no
6294,A0102,G6,2025-07-03,si
6295,A0102,G6,2025-07-10,si
6296,A0102,G6,2025-07-17,si
6297,A0102,G6,2025-07-24,si
6298,A0102,G6,2025-07-31,no
6299,A0102,G6,2025-08-07,no
6300,A0102,G6,2025-08-14,no
6301,A0103,G1,2024-10-20,si
6302,A0103,G1,2024-10-20,si
6303,A0103,G1,2024-10-27,si
6304,A0103,G1,2024-10-27,no
6305,A0103,G1,2024-11-03,si
6306,A0103,G1,2024-11-03,no
6307,A0103,G1,2024-11-10,si
6308,A0103,G1,2024-11-10,no
6309,A0103,G1,2024-11-17,si
6310,A0103,G1,2024-11-17,si
6311,A0103,G1,2024-11-24,no
6312,A0103,G1,2024-11-24,si
6313,A0103,G1,2024-12-01,si
6314,A0103,G1,2024-12-01,si
6315,A0103,G1,2024-12-08,si
6316,A0103,G1,2024-12-08,si
6317,A0103,G1,2024-12-15,si
6318,A0103,G1,2024-12-15,si
6319,A0103,G1,2024-12-22,si
6320,A0103,G1,2024-12-22,si
6321,A0103,G1,2024-12-29,si
6322,A0103,G1,2024-12-29,si
6323,A0103,G1,2025-01-05,no
6324,A0103,G1,2025-01-05,si
6325,A0103,G1,2025-01-12,si
6326,A0103,G1,2025-01-12,si
6327,A0103,G1,2025-01-19,si
6328,A0103,G1,2025-01-19,si
6329,A0103,G1,2025-01-26,no
6330,A0103,G1,2025-01-26,si
6331,A0103,G1,2025-02-02,si
6332,A0103,G1,2025-02-02,si
6333,A0103,G1,2025-02-09,si
6334,A0103,G1,2025-02-09,si
6335,A0103,G1,2025-02-16,si
6336,A0103,G1,2025-02-16,si
6337,A0103,G1,2025-02-23,si
6338,A0103,G1,2025-02-23,si
6339,A0103,G1,2025-03-02,si
6340,A0103,G1,2025-03-02,si
6341,A0103,G1,2025-03-09,si
6342,A0103,G1,2025-03-09,si
6343,A0103,G1,2025-03-16,si
6344,A0103,G1,2025-03-16,si
6345,A0103,G1,2025-03-23,si
6346,A0103,G1,2025-03-23,no
6347,A0103,G1,2025-03-30,no
6348,A0103,G1,2025-03-30,no
6349,A0103,G1,2025-04-06,si
6350,A0103,G1,2025-04-06,si
6351,A0103,G1,2025-04-13,no
6352,A0103,G1,2025-04-13,si
6353,A0103,G1,2025-04-20,si
6354,A0103,G1,2025-04-20,si
6355,A0103,G1,2025-04-27,si
6356,A0103,G1,2025-04-27,si
6357,A0103,G1,2025-05-04,si
6358,A0103,G1,2025-05-04,si
6359,A0103,G1,2025-05-11,si
6360,A0103,G1,2025-05-11,si
6361,A0103,G1,2025-05-18,si
6362,A0103,G1,2025-05-18,si
6363,A0103,G1,2025-05-25,no
6364,A0103,G1,2025-05-25,si
6365,A0103,G1,2025-06-01,si
6366,A0103,G1,2025-06-01,no
6367,A0103,G1,2025-06-08,no
6368,A0103,G1,2025-06-08,si
6369,A0103,G1,2025-06-15,no
6370,A0103,G1,2025-06-15,no
6371,A0103,G1,2025-06-22,si
6372,A0103,G1,2025-06-22,no
6373,A0103,G1,2025-06-29,no
6374,A0103,G1,2025-06-29,no
6375,A0103,G1,2025-07-06,no
6376,A0103,G1,2025-07-06,si
6377,A0103,G1,2025-07-13,si
6378,A0103,G1,2025-07-13,no
6379,A0103,G1,2025-07-20,no
6380,A0103,G1,2025-07-20,no
6381,A0103,G1,2025-07-27,si
6382,A0103,G1,2025-07-27,si
6383,A0104,G4,2025-01-08,si
6384,A0104,G4,2025-01-08,no
6385,A0104,G4,2025-01-15,si
6386,A0104,G4,2025-01-15,si
6387,A0104,G4,2025-01-22,si
6388,A0104,G4,2025-01-22,si
6389,A0104,G4,2025-01-29,si
6390,A0104,G4,2025-01-29,si
6391,A0104,G4,2025-02-05,si
6392,A0104,G4,2025-02-05,no
6393,A0104,G4,2025-02-12,si
6394,A0104,G4,2025-02-12,si
6395,A0104,G4,2025-02-19,si
6396,A0104,G4,2025-02-19,si
6397,A0104,G4,2025-02-26,no
6398,A0104,G4,2025-02-26,si
6399,A0104,G4,2025-03-05,si
6400,A0104,G4,2025-03-05,si
6401,A0104,G4,2025-03-12,si
6402,A0104,G4,2025-03-12,si
6403,A0104,G4,2025-03-19,si
6404,A0104,G4,2025-03-19,si
6405,A0104,G4,2025-03-26,si
6406,A0104,G4,2025-03-26,no
6407,A0104,G4,2025-04-02,si
6408,A0104,G4,2025-04-02,si
6409,A0104,G4,2025-04-09,si
6410,A0104,G4,2025-04-09,si
6411,A0104,G4,2025-04-16,si
6412,A0104,G4,2025-04-16,si
6413,A0104,G4,2025-04-23,si
6414,A0104,G4,2025-04-23,si
6415,A0104,G4,2025-04-30,si
6416,A0104,G4,2025-04-30,si
6417,A0104,G4,2025-05-07,si
6418,A0104,G4,2025-05-07,si
6419,A0104,G4,2025-05-14,no
6420,A0104,G4,2025-05-14,si
6421,A0104,G4,2025-05-21,si
6422,A0104,G4,2025-05-21,si
6423,A0104,G4,2025-05-28,si
6424,A0104,G4,2025-05-28,si
6425,A0104,G4,2025-06-04,si
6426,A0104,G4,2025-06-04,si
6427,A0104,G4,2025-06-11,si
6428,A0104,G4,2025-06-11,no
6429,A0104,G4,2025-06-18,si
6430,A0104,G4,2025-06-18,si
6431,A0104,G4,2025-06-25,si
6432,A0104,G4,2025-06-25,si
6433,A0104,G4,2025-07-02,si
6434,A0104,G4,2025-07-02,si
6435,A0104,G4,2025-07-09,si
6436,A0104,G4,2025-07-09,si
6437,A0104,G4,2025-07-16,si
6438,A0104,G4,2025-07-16,si
6439,A0104,G4,2025-07-23,si
6440,A0104,G4,2025-07-23,si
6441,A0104,G4,2025-07-30,si
6442,A0104,G4,2025-07-30,si
6443,A0104,G4,2025-08-06,si
6444,A0104,G4,2025-08-06,si
6445,A0104,G4,2025-08-13,si
6446,A0104,G4,2025-08-13,si
6447,A0105,G4,2025-04-30,si
6448,A0105,G4,2025-04-30,si
6449,A0105,G4,2025-05-07,si
6450,A0105,G4,2025-05-07,si
6451,A0105,G4,2025-05-14,si
6452,A0105,G4,2025-05-14,si
6453,A0105,G4,2025-05-21,si
6454,A0105,G4,2025-05-21,si
6455,A0105,G4,2025-05-28,si
6456,A0105,G4,2025-05-28,no
6457,A0105,G4,2025-06-04,si
6458,A0105,G4,2025-06-04,si
6459,A0105,G4,2025-06-11,no
6460,A0105,G4,2025-06-11,si
6461,A0105,G4,2025-06-18,no
6462,A0105,G4,2025-06-18,si
6463,A0105,G4,2025-06-25,si
6464,A0105,G4,2025-06-25,si
6465,A0105,G4,2025-07-02,si
6466,A0105,G4,2025-07-02,si
6467,A0105,G4,2025-07-09,si
6468,A0105,G4,2025-07-09,no
6469,A0105,G4,2025-07-16,si
6470,A0105,G4,2025-07-16,si
6471,A0105,G4,2025-07-23,si
6472,A0105,G4,2025-07-23,si
6473,A0105,G4,2025-07-30,si
6474,A0105,G4,2025-07-30,si
6475,A0105,G4,2025-08-06,si
6476,A0105,G4,2025-08-06,no
6477,A0105,G4,2025-08-13,si
6478,A0105,G4,2025-08-13,no
6479,A0106,G2,2025-03-16,si
6480,A0106,G2,2025-03-16,si
6481,A0106,G2,2025-03-23,si
6482,A0106,G2,2025-03-23,si
6483,A0106,G2,2025-03-30,si
6484,A0106,G2,2025-03-30,si
6485,A0106,G2,2025-04-06,si
6486,A0106,G2,2025-04-06,si
6487,A0106,G2,2025-04-13,si
6488,A0106,G2,2025-04-13,si
6489,A0106,G2,2025-04-20,si
6490,A0106,G2,2025-04-20,si
6491,A0106,G2,2025-04-27,no
6492,A0106,G2,2025-04-27,si
6493,A0106,G2,2025-05-04,si
6494,A0106,G2,2025-05-04,si
6495,A0106,G2,2025-05-11,si
6496,A0106,G2,2025-05-11,si
6497,A0106,G2,2025-05-18,si
6498,A0106,G2,2025-05-18,si
6499,A0106,G2,2025-05-25,si
6500,A0106,G2,2025-05-25,si
6501,A0106,G2,2025-06-01,si
6502,A0106,G2,2025-06-01,si
6503,A0106,G2,2025-06-08,si
6504,A0106,G2,2025-06-08,si
6505,A0106,G2,2025-06-15,si
6506,A0106,G2,2025-06-15,si
6507,A0106,G2,2025-06-22,si
6508,A0106,G2,2025-06-22,si
6509,A0106,G2,2025-06-29,si
6510,A0106,G2,2025-06-29,si
6511,A0106,G2,2025-07-06,si
6512,A0106,G2,2025-07-06,si
6513,A0106,G2,2025-07-13,si
6514,A0106,G2,2025-07-13,si
6515,A0106,G2,2025-07-20,si
6516,A0106,G2,2025-07-20,si
6517,A0106,G2,2025-07-27,si
6518,A0106,G2,2025-07-27,no
6519,A0106,G2,2025-08-03,si
6520,A0106,G2,2025-08-03,si
6521,A0106,G2,2025-08-10,si
6522,A0106,G2,2025-08-10,si
6523,A0106,G2,2025-08-17,si
6524,A0106,G2,2025-08-17,si
6525,A0107,G2,2025-05-05,si
6526,A0107,G2,2025-05-05,si
6527,A0107,G2,2025-05-12,si
6528,A0107,G2,2025-05-12,si
6529,A0107,G2,2025-05-19,si
6530,A0107,G2,2025-05-19,si
6531,A0107,G2,2025-05-26,si
6532,A0107,G2,2025-05-26,si
6533,A0107,G2,2025-06-02,no
6534,A0107,G2,2025-06-02,si
6535,A0107,G2,2025-06-09,si
6536,A0107,G2,2025-06-09,no
6537,A0107,G2,2025-06-16,si
6538,A0107,G2,2025-06-16,si
6539,A0107,G2,2025-06-23,si
6540,A0107,G2,2025-06-23,si
6541,A0107,G2,2025-06-30,si
6542,A0107,G2,2025-06-30,si
6543,A0107,G2,2025-07-07,no
6544,A0107,G2,2025-07-07,si
6545,A0107,G2,2025-07-14,si
6546,A0107,G2,2025-07-14,si
6547,A0107,G2,2025-07-21,si
6548,A0107,G2,2025-07-21,si
6549,A0107,G2,2025-07-28,si
6550,A0107,G2,2025-07-28,si
6551,A0107,G2,2025-08-04,si
6552,A0107,G2,2025-08-04,si
6553,A0107,G2,2025-08-11,si
6554,A0107,G2,2025-08-11,no
6555,A0108,G5,2024-11-04,si
6556,A0108,G5,2024-11-04,si
6557,A0108,G5,2024-11-11,si
6558,A0108,G5,2024-11-11,si
6559,A0108,G5,2024-11-18,si
6560,A0108,G5,2024-11-18,si
6561,A0108,G5,2024-11-25,no
6562,A0108,G5,2024-11-25,si
6563,A0108,G5,2024-12-02,si
6564,A0108,G5,2024-12-02,si
6565,A0108,G5,2024-12-09,si
6566,A0108,G5,2024-12-09,si
6567,A0108,G5,2024-12-16,no
6568,A0108,G5,2024-12-16,si
6569,A0108,G5,2024-12-23,si
6570,A0108,G5,2024-12-23,no
6571,A0108,G5,2024-12-30,si
6572,A0108,G5,2024-12-30,si
6573,A0108,G5,2025-01-06,si
6574,A0108,G5,2025-01-06,si
6575,A0108,G5,2025-01-13,si
6576,A0108,G5,2025-01-13,no
6577,A0108,G5,2025-01-20,si
6578,A0108,G5,2025-01-20,no
6579,A0108,G5,2025-01-27,no
6580,A0108,G5,2025-01-27,si
6581,A0108,G5,2025-02-03,si
6582,A0108,G5,2025-02-03,si
6583,A0108,G5,2025-02-10,si
6584,A0108,G5,2025-02-10,si
6585,A0108,G5,2025-02-17,si
6586,A0108,G5,2025-02-17,no
6587,A0108,G5,2025-02-24,si
6588,A0108,G5,2025-02-24,si
6589,A0108,G5,2025-03-03,si
6590,A0108,G5,2025-03-03,si
6591,A0108,G5,2025-03-10,si
6592,A0108,G5,2025-03-10,si
6593,A0108,G5,2025-03-17,no
6594,A0108,G5,2025-03-17,si
6595,A0108,G5,2025-03-24,si
6596,A0108,G5,2025-03-24,si
6597,A0108,G5,2025-03-31,si
6598,A0108,G5,2025-03-31,si
6599,A0108,G5,2025-04-07,si
6600,A0108,G5,2025-04-07,si
6601,A0108,G5,2025-04-14,si
6602,A0108,G5,2025-04-14,si
6603,A0108,G5,2025-04-21,si
6604,A0108,G5,2025-04-21,si
6605,A0108,G5,2025-04-28,si
6606,A0108,G5,2025-04-28,si
6607,A0108,G5,2025-05-05,si
6608,A0108,G5,2025-05-05,si
6609,A0108,G5,2025-05-12,si
6610,A0108,G5,2025-05-12,no
6611,A0108,G5,2025-05-19,no
6612,A0108,G5,2025-05-19,si
6613,A0108,G5,2025-05-26,si
6614,A0108,G5,2025-05-26,si
6615,A0108,G5,2025-06-02,no
6616,A0108,G5,2025-06-02,si
6617,A0108,G5,2025-06-09,si
6618,A0108,G5,2025-06-09,si
6619,A0108,G5,2025-06-16,si
6620,A0108,G5,2025-06-16,no
6621,A0108,G5,2025-06-23,si
6622,A0108,G5,2025-06-23,si
6623,A0108,G5,2025-06-30,si
6624,A0108,G5,2025-06-30,no
6625,A0108,G5,2025-07-07,si
6626,A0108,G5,2025-07-07,si
6627,A0108,G5,2025-07-14,si
6628,A0108,G5,2025-07-14,si
6629,A0108,G5,2025-07-21,si
6630,A0108,G5,2025-07-21,si
6631,A0108,G5,2025-07-28,si
6632,A0108,G5,2025-07-28,si
6633,A0108,G5,2025-08-04,si
6634,A0108,G5,2025-08-04,si
6635,A0108,G5,2025-08-11,si
6636,A0108,G5,2025-08-11,no
6637,A0109,G1,2025-03-01,no
6638,A0109,G1,2025-03-01,si
6639,A0109,G1,2025-03-08,si
6640,A0109,G1,2025-03-08,si
6641,A0109,G1,2025-03-15,no
6642,A0109,G1,2025-03-15,no
6643,A0109,G1,2025-03-22,si
6644,A0109,G1,2025-03-22,no
6645,A0109,G1,2025-03-29,si
6646,A0109,G1,2025-03-29,si
6647,A0109,G1,2025-04-05,si
6648,A0109,G1,2025-04-05,si
6649,A0109,G1,2025-04-12,si
6650,A0109,G1,2025-04-12,no
6651,A0109,G1,2025-04-19,si
6652,A0109,G1,2025-04-19,no
6653,A0109,G1,2025-04-26,si
6654,A0109,G1,2025-04-26,no
6655,A0109,G1,2025-05-03,no
6656,A0109,G1,2025-05-03,si
6657,A0109,G1,2025-05-10,si
6658,A0109,G1,2025-05-10,si
6659,A0109,G1,2025-05-17,no
6660,A0109,G1,2025-05-17,no
6661,A0109,G1,2025-05-24,no
6662,A0109,G1,2025-05-24,si
6663,A0109,G1,2025-05-31,si
6664,A0109,G1,2025-05-31,no
6665,A0110,G2,2025-02-25,si
6666,A0110,G2,2025-02-25,si
6667,A0110,G2,2025-03-04,no
6668,A0110,G2,2025-03-04,si
6669,A0110,G2,2025-03-11,si
6670,A0110,G2,2025-03-11,si
6671,A0110,G2,2025-03-18,no
6672,A0110,G2,2025-03-18,si
6673,A0110,G2,2025-03-25,si
6674,A0110,G2,2025-03-25,si
6675,A0110,G2,2025-04-01,si
6676,A0110,G2,2025-04-01,si
6677,A0110,G2,2025-04-08,no
6678,A0110,G2,2025-04-08,si
6679,A0110,G2,2025-04-15,si
6680,A0110,G2,2025-04-15,si
6681,A0110,G2,2025-04-22,si
6682,A0110,G2,2025-04-22,si
6683,A0110,G2,2025-04-29,si
6684,A0110,G2,2025-04-29,si
6685,A0110,G2,2025-05-06,no
6686,A0110,G2,2025-05-06,si
6687,A0110,G2,2025-05-13,no
6688,A0110,G2,2025-05-13,no
6689,A0110,G2,2025-05-20,no
6690,A0110,G2,2025-05-20,si
6691,A0110,G2,2025-05-27,no
6692,A0110,G2,2025-05-27,no
6693,A0110,G2,2025-06-03,si
6694,A0110,G2,2025-06-03,no
6695,A0111,G1,2024-06-14,si
6696,A0111,G1,2024-06-14,si
6697,A0111,G1,2024-06-21,si
6698,A0111,G1,2024-06-21,no
6699,A0111,G1,2024-06-28,si
6700,A0111,G1,2024-06-28,si
6701,A0111,G1,2024-07-05,si
6702,A0111,G1,2024-07-05,si
6703,A0111,G1,2024-07-12,si
6704,A0111,G1,2024-07-12,si
6705,A0111,G1,2024-07-19,si
6706,A0111,G1,2024-07-19,si
6707,A0111,G1,2024-07-26,si
6708,A0111,G1,2024-07-26,si
6709,A0111,G1,2024-08-02,si
6710,A0111,G1,2024-08-02,si
6711,A0111,G1,2024-08-09,si
6712,A0111,G1,2024-08-09,no
6713,A0111,G1,2024-08-16,no
6714,A0111,G1,2024-08-16,no
6715,A0111,G1,2024-08-23,si
6716,A0111,G1,2024-08-23,si
6717,A0111,G1,2024-08-30,si
6718,A0111,G1,2024-08-30,si
6719,A0111,G1,2024-09-06,no
6720,A0111,G1,2024-09-06,si
6721,A0111,G1,2024-09-13,si
6722,A0111,G1,2024-09-13,si
6723,A0111,G1,2024-09-20,no
6724,A0111,G1,2024-09-20,si
6725,A0111,G1,2024-09-27,si
6726,A0111,G1,2024-09-27,si
6727,A0111,G1,2024-10-04,si
6728,A0111,G1,2024-10-04,no
6729,A0111,G1,2024-10-11,si
6730,A0111,G1,2024-10-11,si
6731,A0111,G1,2024-10-18,si
6732,A0111,G1,2024-10-18,si
6733,A0111,G1,2024-10-25,si
6734,A0111,G1,2024-10-25,si
6735,A0111,G1,2024-11-01,si
6736,A0111,G1,2024-11-01,si
6737,A0111,G1,2024-11-08,si
6738,A0111,G1,2024-11-08,si
6739,A0111,G1,2024-11-15,no
6740,A0111,G1,2024-11-15,si
6741,A0111,G1,2024-11-22,si
6742,A0111,G1,2024-11-22,si
6743,A0111,G1,2024-11-29,si
6744,A0111,G1,2024-11-29,no
6745,A0111,G1,2024-12-06,si
6746,A0111,G1,2024-12-06,no
6747,A0111,G1,2024-12-13,si
6748,A0111,G1,2024-12-13,si
6749,A0111,G1,2024-12-20,no
6750,A0111,G1,2024-12-20,no
6751,A0111,G1,2024-12-27,si
6752,A0111,G1,2024-12-27,si
6753,A0111,G1,2025-01-03,si
6754,A0111,G1,2025-01-03,si
6755,A0111,G1,2025-01-10,si
6756,A0111,G1,2025-01-10,si
6757,A0111,G1,2025-01-17,si
6758,A0111,G1,2025-01-17,si
6759,A0111,G1,2025-01-24,no
6760,A0111,G1,2025-01-24,si
6761,A0111,G1,2025-01-31,si
6762,A0111,G1,2025-01-31,si
6763,A0111,G1,2025-02-07,no
6764,A0111,G1,2025-02-07,si
6765,A0111,G1,2025-02-14,si
6766,A0111,G1,2025-02-14,si
6767,A0111,G1,2025-02-21,si
6768,A0111,G1,2025-02-21,si
6769,A0111,G1,2025-02-28,si
6770,A0111,G1,2025-02-28,si
6771,A0111,G1,2025-03-07,si
6772,A0111,G1,2025-03-07,si
6773,A0111,G1,2025-03-14,si
6774,A0111,G1,2025-03-14,no
6775,A0111,G1,2025-03-21,no
6776,A0111,G1,2025-03-21,si
6777,A0111,G1,2025-03-28,no
6778,A0111,G1,2025-03-28,si
6779,A0111,G1,2025-04-04,si
6780,A0111,G1,2025-04-04,si
6781,A0111,G1,2025-04-11,si
6782,A0111,G1,2025-04-11,si
6783,A0111,G1,2025-04-18,si
6784,A0111,G1,2025-04-18,si
6785,A0111,G1,2025-04-25,si
6786,A0111,G1,2025-04-25,si
6787,A0111,G1,2025-05-02,si
6788,A0111,G1,2025-05-02,si
6789,A0111,G1,2025-05-09,si
6790,A0111,G1,2025-05-09,si
6791,A0111,G1,2025-05-16,si
6792,A0111,G1,2025-05-16,no
6793,A0111,G1,2025-05-23,si
6794,A0111,G1,2025-05-23,si
6795,A0111,G1,2025-05-30,si
6796,A0111,G1,2025-05-30,si
6797,A0111,G1,2025-06-06,si
6798,A0111,G1,2025-06-06,si
6799,A0111,G1,2025-06-13,si
6800,A0111,G1,2025-06-13,si
6801,A0111,G1,2025-06-20,si
6802,A0111,G1,2025-06-20,si
6803,A0111,G1,2025-06-27,si
6804,A0111,G1,2025-06-27,si
6805,A0111,G1,2025-07-04,si
6806,A0111,G1,2025-07-04,si
6807,A0111,G1,2025-07-11,si
6808,A0111,G1,2025-07-11,si
6809,A0111,G1,2025-07-18,si
6810,A0111,G1,2025-07-18,no
6811,A0111,G1,2025-07-25,si
6812,A0111,G1,2025-07-25,si
6813,A0111,G1,2025-08-01,si
6814,A0111,G1,2025-08-01,si
6815,A0111,G1,2025-08-08,si
6816,A0111,G1,2025-08-08,si
6817,A0111,G1,2025-08-15,si
6818,A0111,G1,2025-08-15,si
6819,A0112,G5,2025-06-28,si
6820,A0112,G5,2025-06-28,si
6821,A0112,G5,2025-07-05,si
6822,A0112,G5,2025-07-05,si
6823,A0112,G5,2025-07-12,si
6824,A0112,G5,2025-07-12,si
6825,A0112,G5,2025-07-19,si
6826,A0112,G5,2025-07-19,si
6827,A0112,G5,2025-07-26,si
6828,A0112,G5,2025-07-26,si
6829,A0112,G5,2025-08-02,si
6830,A0112,G5,2025-08-02,no
6831,A0112,G5,2025-08-09,si
6832,A0112,G5,2025-08-09,si
6833,A0112,G5,2025-08-16,si
6834,A0112,G5,2025-08-16,si
6835,A0113,G5,2024-09-11,si
6836,A0113,G5,2024-09-11,si
6837,A0113,G5,2024-09-18,si
6838,A0113,G5,2024-09-18,si
6839,A0113,G5,2024-09-25,no
6840,A0113,G5,2024-09-25,si
6841,A0113,G5,2024-10-02,si
6842,A0113,G5,2024-10-02,si
6843,A0113,G5,2024-10-09,si
6844,A0113,G5,2024-10-09,si
6845,A0113,G5,2024-10-16,si
6846,A0113,G5,2024-10-16,si
6847,A0113,G5,2024-10-23,si
6848,A0113,G5,2024-10-23,no
6849,A0113,G5,2024-10-30,si
6850,A0113,G5,2024-10-30,si
6851,A0113,G5,2024-11-06,si
6852,A0113,G5,2024-11-06,si
6853,A0113,G5,2024-11-13,si
6854,A0113,G5,2024-11-13,no
6855,A0113,G5,2024-11-20,no
6856,A0113,G5,2024-11-20,si
6857,A0113,G5,2024-11-27,no
6858,A0113,G5,2024-11-27,si
6859,A0113,G5,2024-12-04,si
6860,A0113,G5,2024-12-04,si
6861,A0113,G5,2024-12-11,si
6862,A0113,G5,2024-12-11,si
6863,A0113,G5,2024-12-18,si
6864,A0113,G5,2024-12-18,si
6865,A0113,G5,2024-12-25,si
6866,A0113,G5,2024-12-25,si
6867,A0113,G5,2025-01-01,si
6868,A0113,G5,2025-01-01,si
6869,A0113,G5,2025-01-08,si
6870,A0113,G5,2025-01-08,si
6871,A0113,G5,2025-01-15,si
6872,A0113,G5,2025-01-15,si
6873,A0113,G5,2025-01-22,si
6874,A0113,G5,2025-01-22,si
6875,A0113,G5,2025-01-29,si
6876,A0113,G5,2025-01-29,no
6877,A0113,G5,2025-02-05,si
6878,A0113,G5,2025-02-05,no
6879,A0113,G5,2025-02-12,si
6880,A0113,G5,2025-02-12,si
6881,A0113,G5,2025-02-19,si
6882,A0113,G5,2025-02-19,si
6883,A0113,G5,2025-02-26,si
6884,A0113,G5,2025-02-26,si
6885,A0113,G5,2025-03-05,si
6886,A0113,G5,2025-03-05,si
6887,A0113,G5,2025-03-12,si
6888,A0113,G5,2025-03-12,si
6889,A0113,G5,2025-03-19,si
6890,A0113,G5,2025-03-19,si
6891,A0113,G5,2025-03-26,si
6892,A0113,G5,2025-03-26,si
6893,A0113,G5,2025-04-02,no
6894,A0113,G5,2025-04-02,si
6895,A0113,G5,2025-04-09,si
6896,A0113,G5,2025-04-09,si
6897,A0113,G5,2025-04-16,si
6898,A0113,G5,2025-04-16,si
6899,A0113,G5,2025-04-23,si
6900,A0113,G5,2025-04-23,si
6901,A0113,G5,2025-04-30,si
6902,A0113,G5,2025-04-30,si
6903,A0113,G5,2025-05-07,si
6904,A0113,G5,2025-05-07,si
6905,A0113,G5,2025-05-14,si
6906,A0113,G5,2025-05-14,no
6907,A0113,G5,2025-05-21,si
6908,A0113,G5,2025-05-21,si
6909,A0113,G5,2025-05-28,si
6910,A0113,G5,2025-05-28,si
6911,A0113,G5,2025-06-04,si
6912,A0113,G5,2025-06-04,si
6913,A0113,G5,2025-06-11,si
6914,A0113,G5,2025-06-11,no
6915,A0113,G5,2025-06-18,si
6916,A0113,G5,2025-06-18,si
6917,A0113,G5,2025-06-25,no
6918,A0113,G5,2025-06-25,si
6919,A0113,G5,2025-07-02,si
6920,A0113,G5,2025-07-02,si
6921,A0113,G5,2025-07-09,si
6922,A0113,G5,2025-07-09,si
6923,A0113,G5,2025-07-16,si
6924,A0113,G5,2025-07-16,si
6925,A0113,G5,2025-07-23,si
6926,A0113,G5,2025-07-23,si
6927,A0113,G5,2025-07-30,si
6928,A0113,G5,2025-07-30,si
6929,A0113,G5,2025-08-06,si
6930,A0113,G5,2025-08-06,si
6931,A0113,G5,2025-08-13,si
6932,A0113,G5,2025-08-13,si
6933,A0114,G3,2025-03-21,no
6934,A0114,G3,2025-03-28,si
6935,A0114,G3,2025-04-04,si
6936,A0114,G3,2025-04-11,si
6937,A0114,G3,2025-04-18,si
6938,A0114,G3,2025-04-25,si
6939,A0114,G3,2025-05-02,si
6940,A0114,G3,2025-05-09,si
6941,A0114,G3,2025-05-16,no
6942,A0114,G3,2025-05-23,si
6943,A0114,G3,2025-05-30,si
6944,A0114,G3,2025-06-06,si
6945,A0114,G3,2025-06-13,si
6946,A0114,G3,2025-06-20,si
6947,A0114,G3,2025-06-27,si
6948,A0114,G3,2025-07-04,no
6949,A0114,G3,2025-07-11,si
6950,A0114,G3,2025-07-18,si
6951,A0114,G3,2025-07-25,si
6952,A0114,G3,2025-08-01,si
6953,A0114,G3,2025-08-08,si
6954,A0114,G3,2025-08-15,si
6955,A0115,G4,2024-12-01,si
6956,A0115,G4,2024-12-01,si
6957,A0115,G4,2024-12-08,si
6958,A0115,G4,2024-12-08,si
6959,A0115,G4,2024-12-15,si
6960,A0115,G4,2024-12-15,si
6961,A0115,G4,2024-12-22,si
6962,A0115,G4,2024-12-22,si
6963,A0115,G4,2024-12-29,si
6964,A0115,G4,2024-12-29,si
6965,A0115,G4,2025-01-05,si
6966,A0115,G4,2025-01-05,si
6967,A0115,G4,2025-01-12,si
6968,A0115,G4,2025-01-12,si
6969,A0115,G4,2025-01-19,si
6970,A0115,G4,2025-01-19,si
6971,A0115,G4,2025-01-26,si
6972,A0115,G4,2025-01-26,si
6973,A0115,G4,2025-02-02,si
6974,A0115,G4,2025-02-02,no
6975,A0115,G4,2025-02-09,si
6976,A0115,G4,2025-02-09,si
6977,A0115,G4,2025-02-16,si
6978,A0115,G4,2025-02-16,si
6979,A0115,G4,2025-02-23,si
6980,A0115,G4,2025-02-23,si
6981,A0115,G4,2025-03-02,si
6982,A0115,G4,2025-03-02,si
6983,A0115,G4,2025-03-09,si
6984,A0115,G4,2025-03-09,si
6985,A0115,G4,2025-03-16,si
6986,A0115,G4,2025-03-16,si
6987,A0115,G4,2025-03-23,si
6988,A0115,G4,2025-03-23,si
6989,A0115,G4,2025-03-30,si
6990,A0115,G4,2025-03-30,si
6991,A0115,G4,2025-04-06,si
6992,A0115,G4,2025-04-06,si
6993,A0115,G4,2025-04-13,no
6994,A0115,G4,2025-04-13,si
6995,A0115,G4,2025-04-20,si
6996,A0115,G4,2025-04-20,si
6997,A0115,G4,2025-04-27,si
6998,A0115,G4,2025-04-27,si
6999,A0115,G4,2025-05-04,si
7000,A0115,G4,2025-05-04,no
7001,A0115,G4,2025-05-11,no
7002,A0115,G4,2025-05-11,si
7003,A0115,G4,2025-05-18,si
7004,A0115,G4,2025-05-18,si
7005,A0115,G4,2025-05-25,si
7006,A0115,G4,2025-05-25,no
7007,A0115,G4,2025-06-01,no
7008,A0115,G4,2025-06-01,no
7009,A0115,G4,2025-06-08,si
7010,A0115,G4,2025-06-08,si
7011,A0115,G4,2025-06-15,si
7012,A0115,G4,2025-06-15,si
7013,A0115,G4,2025-06-22,si
7014,A0115,G4,2025-06-22,si
7015,A0115,G4,2025-06-29,si
7016,A0115,G4,2025-06-29,si
7017,A0115,G4,2025-07-06,si
7018,A0115,G4,2025-07-06,si
7019,A0115,G4,2025-07-13,si
7020,A0115,G4,2025-07-13,si
7021,A0115,G4,2025-07-20,no
7022,A0115,G4,2025-07-20,si
7023,A0115,G4,2025-07-27,si
7024,A0115,G4,2025-07-27,no
7025,A0115,G4,2025-08-03,si
7026,A0115,G4,2025-08-03,si
7027,A0115,G4,2025-08-10,no
7028,A0115,G4,2025-08-10,si
7029,A0115,G4,2025-08-17,si
7030,A0115,G4,2025-08-17,si
7031,A0116,G5,2025-06-03,si
7032,A0116,G5,2025-06-03,si
7033,A0116,G5,2025-06-10,si
7034,A0116,G5,2025-06-10,si
7035,A0116,G5,2025-06-17,si
7036,A0116,G5,2025-06-17,si
7037,A0116,G5,2025-06-24,si
7038,A0116,G5,2025-06-24,si
7039,A0116,G5,2025-07-01,si
7040,A0116,G5,2025-07-01,si
7041,A0116,G5,2025-07-08,si
7042,A0116,G5,2025-07-08,si
7043,A0116,G5,2025-07-15,no
7044,A0116,G5,2025-07-15,no
7045,A0116,G5,2025-07-22,si
7046,A0116,G5,2025-07-22,si
7047,A0116,G5,2025-07-29,no
7048,A0116,G5,2025-07-29,si
7049,A0116,G5,2025-08-05,si
7050,A0116,G5,2025-08-05,si
7051,A0116,G5,2025-08-12,no
7052,A0116,G5,2025-08-12,si
7053,A0117,G4,2024-11-04,si
7054,A0117,G4,2024-11-04,si
7055,A0117,G4,2024-11-11,si
7056,A0117,G4,2024-11-11,no
7057,A0117,G4,2024-11-18,si
7058,A0117,G4,2024-11-18,si
7059,A0117,G4,2024-11-25,si
7060,A0117,G4,2024-11-25,si
7061,A0117,G4,2024-12-02,si
7062,A0117,G4,2024-12-02,si
7063,A0117,G4,2024-12-09,si
7064,A0117,G4,2024-12-09,si
7065,A0117,G4,2024-12-16,si
7066,A0117,G4,2024-12-16,no
7067,A0117,G4,2024-12-23,si
7068,A0117,G4,2024-12-23,si
7069,A0117,G4,2024-12-30,si
7070,A0117,G4,2024-12-30,no
7071,A0117,G4,2025-01-06,no
7072,A0117,G4,2025-01-06,si
7073,A0117,G4,2025-01-13,si
7074,A0117,G4,2025-01-13,si
7075,A0118,G5,2024-11-29,no
7076,A0118,G5,2024-11-29,si
7077,A0118,G5,2024-12-06,no
7078,A0118,G5,2024-12-06,si
7079,A0118,G5,2024-12-13,si
7080,A0118,G5,2024-12-13,si
7081,A0118,G5,2024-12-20,si
7082,A0118,G5,2024-12-20,no
7083,A0118,G5,2024-12-27,si
7084,A0118,G5,2024-12-27,no
7085,A0118,G5,2025-01-03,si
7086,A0118,G5,2025-01-03,si
7087,A0118,G5,2025-01-10,si
7088,A0118,G5,2025-01-10,si
7089,A0118,G5,2025-01-17,si
7090,A0118,G5,2025-01-17,si
7091,A0118,G5,2025-01-24,si
7092,A0118,G5,2025-01-24,si
7093,A0118,G5,2025-01-31,si
7094,A0118,G5,2025-01-31,si
7095,A0118,G5,2025-02-07,no
7096,A0118,G5,2025-02-07,si
7097,A0118,G5,2025-02-14,si
7098,A0118,G5,2025-02-14,si
7099,A0118,G5,2025-02-21,si
7100,A0118,G5,2025-02-21,si
7101,A0118,G5,2025-02-28,si
7102,A0118,G5,2025-02-28,si
7103,A0118,G5,2025-03-07,si
7104,A0118,G5,2025-03-07,si
7105,A0118,G5,2025-03-14,si
7106,A0118,G5,2025-03-14,si
7107,A0118,G5,2025-03-21,no
7108,A0118,G5,2025-03-21,si
7109,A0118,G5,2025-03-28,si
7110,A0118,G5,2025-03-28,si
7111,A0118,G5,2025-04-04,si
7112,A0118,G5,2025-04-04,si
7113,A0118,G5,2025-04-11,si
7114,A0118,G5,2025-04-11,si
7115,A0118,G5,2025-04-18,si
7116,A0118,G5,2025-04-18,si
7117,A0118,G5,2025-04-25,si
7118,A0118,G5,2025-04-25,si
7119,A0118,G5,2025-05-02,no
7120,A0118,G5,2025-05-02,no
7121,A0118,G5,2025-05-09,si
7122,A0118,G5,2025-05-09,no
7123,A0118,G5,2025-05-16,si
7124,A0118,G5,2025-05-16,no
7125,A0118,G5,2025-05-23,si
7126,A0118,G5,2025-05-23,no
7127,A0118,G5,2025-05-30,no
7128,A0118,G5,2025-05-30,no
7129,A0119,G2,2024-03-26,si
7130,A0119,G2,2024-03-26,si
7131,A0119,G2,2024-04-02,no
7132,A0119,G2,2024-04-02,no
7133,A0119,G2,2024-04-09,si
7134,A0119,G2,2024-04-09,si
7135,A0119,G2,2024-04-16,si
7136,A0119,G2,2024-04-16,si
7137,A0119,G2,2024-04-23,si
7138,A0119,G2,2024-04-23,si
7139,A0119,G2,2024-04-30,si
7140,A0119,G2,2024-04-30,si
7141,A0119,G2,2024-05-07,si
7142,A0119,G2,2024-05-07,si
7143,A0119,G2,2024-05-14,si
7144,A0119,G2,2024-05-14,si
7145,A0119,G2,2024-05-21,si
7146,A0119,G2,2024-05-21,si
7147,A0119,G2,2024-05-28,si
7148,A0119,G2,2024-05-28,si
7149,A0119,G2,2024-06-04,si
7150,A0119,G2,2024-06-04,si
7151,A0119,G2,2024-06-11,si
7152,A0119,G2,2024-06-11,si
7153,A0119,G2,2024-06-18,si
7154,A0119,G2,2024-06-18,si
7155,A0119,G2,2024-06-25,si
7156,A0119,G2,2024-06-25,si
7157,A0119,G2,2024-07-02,si
7158,A0119,G2,2024-07-02,si
7159,A0119,G2,2024-07-09,si
7160,A0119,G2,2024-07-09,si
7161,A0119,G2,2024-07-16,si
7162,A0119,G2,2024-07-16,si
7163,A0119,G2,2024-07-23,si
7164,A0119,G2,2024-07-23,si
7165,A0119,G2,2024-07-30,si
7166,A0119,G2,2024-07-30,si
7167,A0119,G2,2024-08-06,si
7168,A0119,G2,2024-08-06,si
7169,A0119,G2,2024-08-13,si
7170,A0119,G2,2024-08-13,si
7171,A0119,G2,2024-08-20,si
7172,A0119,G2,2024-08-20,si
7173,A0119,G2,2024-08-27,si
7174,A0119,G2,2024-08-27,si
7175,A0119,G2,2024-09-03,si
7176,A0119,G2,2024-09-03,si
7177,A0119,G2,2024-09-10,no
7178,A0119,G2,2024-09-10,si
7179,A0119,G2,2024-09-17,si
7180,A0119,G2,2024-09-17,si
7181,A0119,G2,2024-09-24,si
7182,A0119,G2,2024-09-24,si
7183,A0119,G2,2024-10-01,si
7184,A0119,G2,2024-10-01,si
7185,A0119,G2,2024-10-08,si
7186,A0119,G2,2024-10-08,si
7187,A0119,G2,2024-10-15,si
7188,A0119,G2,2024-10-15,si
7189,A0119,G2,2024-10-22,si
7190,A0119,G2,2024-10-22,si
7191,A0119,G2,2024-10-29,si
7192,A0119,G2,2024-10-29,si
7193,A0119,G2,2024-11-05,no
7194,A0119,G2,2024-11-05,si
7195,A0119,G2,2024-11-12,si
7196,A0119,G2,2024-11-12,si
7197,A0119,G2,2024-11-19,si
7198,A0119,G2,2024-11-19,si
7199,A0119,G2,2024-11-26,si
7200,A0119,G2,2024-11-26,si
7201,A0119,G2,2024-12-03,no
7202,A0119,G2,2024-12-03,si
7203,A0119,G2,2024-12-10,si
7204,A0119,G2,2024-12-10,si
7205,A0119,G2,2024-12-17,si
7206,A0119,G2,2024-12-17,si
7207,A0119,G2,2024-12-24,si
7208,A0119,G2,2024-12-24,si
7209,A0119,G2,2024-12-31,si
7210,A0119,G2,2024-12-31,si
7211,A0119,G2,2025-01-07,si
7212,A0119,G2,2025-01-07,no
7213,A0119,G2,2025-01-14,si
7214,A0119,G2,2025-01-14,si
7215,A0119,G2,2025-01-21,si
7216,A0119,G2,2025-01-21,si
7217,A0119,G2,2025-01-28,si
7218,A0119,G2,2025-01-28,si
7219,A0119,G2,2025-02-04,si
7220,A0119,G2,2025-02-04,si
7221,A0119,G2,2025-02-11,si
7222,A0119,G2,2025-02-11,si
7223,A0119,G2,2025-02-18,si
7224,A0119,G2,2025-02-18,si
7225,A0119,G2,2025-02-25,si
7226,A0119,G2,2025-02-25,si
7227,A0119,G2,2025-03-04,no
7228,A0119,G2,2025-03-04,si
7229,A0119,G2,2025-03-11,si
7230,A0119,G2,2025-03-11,si
7231,A0119,G2,2025-03-18,no
7232,A0119,G2,2025-03-18,si
7233,A0119,G2,2025-03-25,si
7234,A0119,G2,2025-03-25,no
7235,A0119,G2,2025-04-01,si
7236,A0119,G2,2025-04-01,si
7237,A0119,G2,2025-04-08,si
7238,A0119,G2,2025-04-08,si
7239,A0119,G2,2025-04-15,si
7240,A0119,G2,2025-04-15,si
7241,A0119,G2,2025-04-22,no
7242,A0119,G2,2025-04-22,si
7243,A0119,G2,2025-04-29,si
7244,A0119,G2,2025-04-29,si
7245,A0119,G2,2025-05-06,si
7246,A0119,G2,2025-05-06,si
7247,A0119,G2,2025-05-13,no
7248,A0119,G2,2025-05-13,si
7249,A0119,G2,2025-05-20,si
7250,A0119,G2,2025-05-20,si
7251,A0119,G2,2025-05-27,no
7252,A0119,G2,2025-05-27,si
7253,A0119,G2,2025-06-03,si
7254,A0119,G2,2025-06-03,si
7255,A0119,G2,2025-06-10,si
7256,A0119,G2,2025-06-10,si
7257,A0119,G2,2025-06-17,si
7258,A0119,G2,2025-06-17,si
7259,A0119,G2,2025-06-24,si
7260,A0119,G2,2025-06-24,si
7261,A0119,G2,2025-07-01,si
7262,A0119,G2,2025-07-01,si
7263,A0119,G2,2025-07-08,si
7264,A0119,G2,2025-07-08,si
7265,A0119,G2,2025-07-15,si
7266,A0119,G2,2025-07-15,si
7267,A0119,G2,2025-07-22,si
7268,A0119,G2,2025-07-22,si
7269,A0119,G2,2025-07-29,si
7270,A0119,G2,2025-07-29,si
7271,A0119,G2,2025-08-05,si
7272,A0119,G2,2025-08-05,no
7273,A0119,G2,2025-08-12,si
7274,A0119,G2,2025-08-12,no
7275,A0120,G4,2024-08-15,si
7276,A0120,G4,2024-08-15,si
7277,A0120,G4,2024-08-22,si
7278,A0120,G4,2024-08-22,si
7279,A0120,G4,2024-08-29,si
7280,A0120,G4,2024-08-29,si
7281,A0120,G4,2024-09-05,si
7282,A0120,G4,2024-09-05,si
7283,A0120,G4,2024-09-12,si
7284,A0120,G4,2024-09-12,si
7285,A0120,G4,2024-09-19,si
7286,A0120,G4,2024-09-19,si
7287,A0120,G4,2024-09-26,si
7288,A0120,G4,2024-09-26,no
7289,A0120,G4,2024-10-03,no
7290,A0120,G4,2024-10-03,si
7291,A0120,G4,2024-10-10,si
7292,A0120,G4,2024-10-10,si
7293,A0120,G4,2024-10-17,no
7294,A0120,G4,2024-10-17,si
7295,A0120,G4,2024-10-24,si
7296,A0120,G4,2024-10-24,si
7297,A0120,G4,2024-10-31,si
7298,A0120,G4,2024-10-31,si
7299,A0120,G4,2024-11-07,no
7300,A0120,G4,2024-11-07,si
7301,A0120,G4,2024-11-14,no
7302,A0120,G4,2024-11-14,no
7303,A0120,G4,2024-11-21,si
7304,A0120,G4,2024-11-21,si
7305,A0120,G4,2024-11-28,si
7306,A0120,G4,2024-11-28,si
7307,A0120,G4,2024-12-05,si
7308,A0120,G4,2024-12-05,si
7309,A0120,G4,2024-12-12,si
7310,A0120,G4,2024-12-12,si
7311,A0120,G4,2024-12-19,si
7312,A0120,G4,2024-12-19,si
7313,A0120,G4,2024-12-26,si
7314,A0120,G4,2024-12-26,no
7315,A0120,G4,2025-01-02,si
7316,A0120,G4,2025-01-02,no
7317,A0120,G4,2025-01-09,no
7318,A0120,G4,2025-01-09,si
7319,A0120,G4,2025-01-16,no
7320,A0120,G4,2025-01-16,no
7321,A0121,G1,2024-10-27,no
7322,A0121,G1,2024-10-27,si
7323,A0121,G1,2024-11-03,si
7324,A0121,G1,2024-11-03,si
7325,A0121,G1,2024-11-10,si
7326,A0121,G1,2024-11-10,si
7327,A0121,G1,2024-11-17,si
7328,A0121,G1,2024-11-17,si
7329,A0121,G1,2024-11-24,no
7330,A0121,G1,2024-11-24,si
7331,A0121,G1,2024-12-01,si
7332,A0121,G1,2024-12-01,si
7333,A0121,G1,2024-12-08,si
7334,A0121,G1,2024-12-08,no
7335,A0121,G1,2024-12-15,si
7336,A0121,G1,2024-12-15,si
7337,A0121,G1,2024-12-22,si
7338,A0121,G1,2024-12-22,si
7339,A0121,G1,2024-12-29,si
7340,A0121,G1,2024-12-29,si
7341,A0121,G1,2025-01-05,si
7342,A0121,G1,2025-01-05,si
7343,A0121,G1,2025-01-12,si
7344,A0121,G1,2025-01-12,si
7345,A0121,G1,2025-01-19,si
7346,A0121,G1,2025-01-19,si
7347,A0121,G1,2025-01-26,no
7348,A0121,G1,2025-01-26,si
7349,A0121,G1,2025-02-02,no
7350,A0121,G1,2025-02-02,si
7351,A0121,G1,2025-02-09,si
7352,A0121,G1,2025-02-09,si
7353,A0121,G1,2025-02-16,si
7354,A0121,G1,2025-02-16,si
7355,A0121,G1,2025-02-23,si
7356,A0121,G1,2025-02-23,si
7357,A0121,G1,2025-03-02,si
7358,A0121,G1,2025-03-02,no
7359,A0121,G1,2025-03-09,si
7360,A0121,G1,2025-03-09,no
7361,A0121,G1,2025-03-16,no
7362,A0121,G1,2025-03-16,si
7363,A0121,G1,2025-03-23,no
7364,A0121,G1,2025-03-23,si
7365,A0121,G1,2025-03-30,si
7366,A0121,G1,2025-03-30,no
7367,A0121,G1,2025-04-06,no
7368,A0121,G1,2025-04-06,no
7369,A0121,G1,2025-04-13,si
7370,A0121,G1,2025-04-13,no
7371,A0121,G1,2025-04-20,no
7372,A0121,G1,2025-04-20,si
7373,A0121,G1,2025-04-27,si
7374,A0121,G1,2025-04-27,si
7375,A0121,G1,2025-05-04,si
7376,A0121,G1,2025-05-04,si
7377,A0122,G6,2024-03-21,si
7378,A0122,G6,2024-03-28,no
7379,A0122,G6,2024-04-04,si
7380,A0122,G6,2024-04-11,si
7381,A0122,G6,2024-04-18,si
7382,A0122,G6,2024-04-25,si
7383,A0122,G6,2024-05-02,si
7384,A0122,G6,2024-05-09,si
7385,A0122,G6,2024-05-16,no
7386,A0122,G6,2024-05-23,si
7387,A0122,G6,2024-05-30,si
7388,A0122,G6,2024-06-06,si
7389,A0122,G6,2024-06-13,si
7390,A0122,G6,2024-06-20,si
7391,A0122,G6,2024-06-27,si
7392,A0122,G6,2024-07-04,si
7393,A0122,G6,2024-07-11,si
7394,A0122,G6,2024-07-18,si
7395,A0122,G6,2024-07-25,si
7396,A0122,G6,2024-08-01,no
7397,A0122,G6,2024-08-08,si
7398,A0122,G6,2024-08-15,no
7399,A0122,G6,2024-08-22,no
7400,A0122,G6,2024-08-29,si
7401,A0122,G6,2024-09-05,si
7402,A0122,G6,2024-09-12,si
7403,A0122,G6,2024-09-19,si
7404,A0122,G6,2024-09-26,si
7405,A0122,G6,2024-10-03,no
7406,A0122,G6,2024-10-10,si
7407,A0122,G6,2024-10-17,si
7408,A0122,G6,2024-10-24,si
7409,A0122,G6,2024-10-31,no
7410,A0122,G6,2024-11-07,no
7411,A0122,G6,2024-11-14,si
7412,A0122,G6,2024-11-21,si
7413,A0122,G6,2024-11-28,si
7414,A0122,G6,2024-12-05,si
7415,A0122,G6,2024-12-12,si
7416,A0122,G6,2024-12-19,si
7417,A0122,G6,2024-12-26,si
7418,A0122,G6,2025-01-02,si
7419,A0122,G6,2025-01-09,si
7420,A0122,G6,2025-01-16,si
7421,A0122,G6,2025-01-23,si
7422,A0122,G6,2025-01-30,si
7423,A0122,G6,2025-02-06,si
7424,A0122,G6,2025-02-13,si
7425,A0122,G6,2025-02-20,si
7426,A0122,G6,2025-02-27,si
7427,A0122,G6,2025-03-06,si
7428,A0122,G6,2025-03-13,si
7429,A0122,G6,2025-03-20,si
7430,A0122,G6,2025-03-27,si
7431,A0122,G6,2025-04-03,si
7432,A0122,G6,2025-04-10,si
7433,A0122,G6,2025-04-17,si
7434,A0122,G6,2025-04-24,si
7435,A0122,G6,2025-05-01,si
7436,A0122,G6,2025-05-08,si
7437,A0122,G6,2025-05-15,si
7438,A0122,G6,2025-05-22,si
7439,A0122,G6,2025-05-29,si
7440,A0122,G6,2025-06-05,no
7441,A0122,G6,2025-06-12,no
7442,A0122,G6,2025-06-19,si
7443,A0122,G6,2025-06-26,no
7444,A0122,G6,2025-07-03,si
7445,A0122,G6,2025-07-10,si
7446,A0122,G6,2025-07-17,si
7447,A0122,G6,2025-07-24,si
7448,A0122,G6,2025-07-31,si
7449,A0122,G6,2025-08-07,si
7450,A0122,G6,2025-08-14,si
7451,A0123,G2,2025-05-04,si
7452,A0123,G2,2025-05-04,no
7453,A0123,G2,2025-05-11,no
7454,A0123,G2,2025-05-11,si
7455,A0123,G2,2025-05-18,si
7456,A0123,G2,2025-05-18,no
7457,A0123,G2,2025-05-25,no
7458,A0123,G2,2025-05-25,no
7459,A0123,G2,2025-06-01,si
7460,A0123,G2,2025-06-01,si
7461,A0124,G3,2024-05-25,si
7462,A0124,G3,2024-06-01,si
7463,A0124,G3,2024-06-08,si
7464,A0124,G3,2024-06-15,no
7465,A0124,G3,2024-06-22,si
7466,A0124,G3,2024-06-29,si
7467,A0124,G3,2024-07-06,si
7468,A0124,G3,2024-07-13,si
7469,A0124,G3,2024-07-20,si
7470,A0124,G3,2024-07-27,si
7471,A0124,G3,2024-08-03,si
7472,A0124,G3,2024-08-10,si
7473,A0124,G3,2024-08-17,si
7474,A0124,G3,2024-08-24,si
7475,A0124,G3,2024-08-31,si
7476,A0124,G3,2024-09-07,si
7477,A0124,G3,2024-09-14,no
7478,A0124,G3,2024-09-21,no
7479,A0124,G3,2024-09-28,si
7480,A0124,G3,2024-10-05,si
7481,A0124,G3,2024-10-12,no
7482,A0124,G3,2024-10-19,si
7483,A0124,G3,2024-10-26,si
7484,A0124,G3,2024-11-02,no
7485,A0124,G3,2024-11-09,si
7486,A0124,G3,2024-11-16,si
7487,A0124,G3,2024-11-23,si
7488,A0124,G3,2024-11-30,no
7489,A0124,G3,2024-12-07,si
7490,A0124,G3,2024-12-14,si
7491,A0124,G3,2024-12-21,si
7492,A0124,G3,2024-12-28,si
7493,A0124,G3,2025-01-04,no
7494,A0124,G3,2025-01-11,si
7495,A0124,G3,2025-01-18,si
7496,A0124,G3,2025-01-25,si
7497,A0124,G3,2025-02-01,si
7498,A0124,G3,2025-02-08,no
7499,A0124,G3,2025-02-15,si
7500,A0124,G3,2025-02-22,si
7501,A0124,G3,2025-03-01,no
7502,A0124,G3,2025-03-08,no
7503,A0124,G3,2025-03-15,si
7504,A0124,G3,2025-03-22,si
7505,A0124,G3,2025-03-29,si
7506,A0124,G3,2025-04-05,si
7507,A0124,G3,2025-04-12,si
7508,A0124,G3,2025-04-19,si
7509,A0124,G3,2025-04-26,si
7510,A0124,G3,2025-05-03,no
7511,A0124,G3,2025-05-10,no
7512,A0124,G3,2025-05-17,si
7513,A0124,G3,2025-05-24,si
7514,A0124,G3,2025-05-31,si
7515,A0124,G3,2025-06-07,si
7516,A0124,G3,2025-06-14,si
7517,A0124,G3,2025-06-21,si
7518,A0124,G3,2025-06-28,si
7519,A0124,G3,2025-07-05,no
7520,A0124,G3,2025-07-12,no
7521,A0124,G3,2025-07-19,si
7522,A0124,G3,2025-07-26,si
7523,A0124,G3,2025-08-02,si
7524,A0124,G3,2025-08-09,si
7525,A0124,G3,2025-08-16,si
7526,A0125,G6,2024-04-28,si
7527,A0125,G6,2024-05-05,no
7528,A0125,G6,2024-05-12,no
7529,A0125,G6,2024-05-19,si
7530,A0125,G6,2024-05-26,no
7531,A0125,G6,2024-06-02,no
7532,A0125,G6,2024-06-09,si
7533,A0125,G6,2024-06-16,si
7534,A0125,G6,2024-06-23,si
7535,A0125,G6,2024-06-30,si
7536,A0125,G6,2024-07-07,no
7537,A0125,G6,2024-07-14,si
7538,A0125,G6,2024-07-21,si
7539,A0125,G6,2024-07-28,no
7540,A0125,G6,2024-08-04,si
7541,A0125,G6,2024-08-11,no
7542,A0125,G6,2024-08-18,si
7543,A0125,G6,2024-08-25,si
7544,A0125,G6,2024-09-01,si
7545,A0125,G6,2024-09-08,si
7546,A0125,G6,2024-09-15,si
7547,A0125,G6,2024-09-22,no
7548,A0125,G6,2024-09-29,si
7549,A0125,G6,2024-10-06,si
7550,A0125,G6,2024-10-13,no
7551,A0125,G6,2024-10-20,si
7552,A0125,G6,2024-10-27,si
7553,A0125,G6,2024-11-03,si
7554,A0125,G6,2024-11-10,si
7555,A0125,G6,2024-11-17,si
7556,A0125,G6,2024-11-24,si
7557,A0125,G6,2024-12-01,no
7558,A0125,G6,2024-12-08,si
7559,A0125,G6,2024-12-15,si
7560,A0125,G6,2024-12-22,no
7561,A0125,G6,2024-12-29,si
7562,A0125,G6,2025-01-05,si
7563,A0125,G6,2025-01-12,si
7564,A0125,G6,2025-01-19,si
7565,A0125,G6,2025-01-26,no
7566,A0125,G6,2025-02-02,si
7567,A0125,G6,2025-02-09,si
7568,A0125,G6,2025-02-16,si
7569,A0125,G6,2025-02-23,si
7570,A0125,G6,2025-03-02,si
7571,A0125,G6,2025-03-09,si
7572,A0125,G6,2025-03-16,si
7573,A0125,G6,2025-03-23,si
7574,A0125,G6,2025-03-30,no
7575,A0125,G6,2025-04-06,si
7576,A0125,G6,2025-04-13,si
7577,A0125,G6,2025-04-20,si
7578,A0125,G6,2025-04-27,si
7579,A0125,G6,2025-05-04,si
7580,A0125,G6,2025-05-11,si
7581,A0125,G6,2025-05-18,si
7582,A0125,G6,2025-05-25,si
7583,A0125,G6,2025-06-01,si
7584,A0125,G6,2025-06-08,si
7585,A0125,G6,2025-06-15,si
7586,A0125,G6,2025-06-22,si
7587,A0125,G6,2025-06-29,no
7588,A0125,G6,2025-07-06,si
7589,A0125,G6,2025-07-13,si
7590,A0125,G6,2025-07-20,si
7591,A0125,G6,2025-07-27,si
7592,A0125,G6,2025-08-03,si
7593,A0125,G6,2025-08-10,no
7594,A0125,G6,2025-08-17,si
7595,A0126,G3,2024-04-25,si
7596,A0126,G3,2024-05-02,si
7597,A0126,G3,2024-05-09,si
7598,A0126,G3,2024-05-16,si
7599,A0126,G3,2024-05-23,si
7600,A0126,G3,2024-05-30,si
7601,A0126,G3,2024-06-06,si
7602,A0126,G3,2024-06-13,si
7603,A0126,G3,2024-06-20,si
7604,A0126,G3,2024-06-27,si
7605,A0126,G3,2024-07-04,si
7606,A0126,G3,2024-07-11,si
7607,A0126,G3,2024-07-18,si
7608,A0126,G3,2024-07-25,si
7609,A0126,G3,2024-08-01,si
7610,A0126,G3,2024-08-08,si
7611,A0126,G3,2024-08-15,si
7612,A0126,G3,2024-08-22,si
7613,A0126,G3,2024-08-29,si
7614,A0126,G3,2024-09-05,no
7615,A0126,G3,2024-09-12,si
7616,A0126,G3,2024-09-19,si
7617,A0126,G3,2024-09-26,si
7618,A0126,G3,2024-10-03,si
7619,A0126,G3,2024-10-10,si
7620,A0126,G3,2024-10-17,no
7621,A0126,G3,2024-10-24,si
7622,A0126,G3,2024-10-31,si
7623,A0126,G3,2024-11-07,no
7624,A0126,G3,2024-11-14,si
7625,A0126,G3,2024-11-21,no
7626,A0126,G3,2024-11-28,si
7627,A0126,G3,2024-12-05,si
7628,A0126,G3,2024-12-12,si
7629,A0126,G3,2024-12-19,no
7630,A0126,G3,2024-12-26,si
7631,A0126,G3,2025-01-02,si
7632,A0126,G3,2025-01-09,si
7633,A0126,G3,2025-01-16,si
7634,A0126,G3,2025-01-23,si
7635,A0126,G3,2025-01-30,si
7636,A0126,G3,2025-02-06,si
7637,A0126,G3,2025-02-13,si
7638,A0126,G3,2025-02-20,si
7639,A0126,G3,2025-02-27,si
7640,A0126,G3,2025-03-06,no
7641,A0126,G3,2025-03-13,si
7642,A0126,G3,2025-03-20,si
7643,A0126,G3,2025-03-27,si
7644,A0126,G3,2025-04-03,si
7645,A0126,G3,2025-04-10,si
7646,A0126,G3,2025-04-17,no
7647,A0126,G3,2025-04-24,si
7648,A0126,G3,2025-05-01,no
7649,A0126,G3,2025-05-08,si
7650,A0126,G3,2025-05-15,si
7651,A0126,G3,2025-05-22,si
7652,A0126,G3,2025-05-29,si
7653,A0126,G3,2025-06-05,si
7654,A0126,G3,2025-06-12,no
7655,A0126,G3,2025-06-19,si
7656,A0126,G3,2025-06-26,si
7657,A0126,G3,2025-07-03,si
7658,A0126,G3,2025-07-10,si
7659,A0126,G3,2025-07-17,si
7660,A0126,G3,2025-07-24,no
7661,A0126,G3,2025-07-31,si
7662,A0126,G3,2025-08-07,si
7663,A0126,G3,2025-08-14,no
7664,A0127,G5,2025-02-10,si
7665,A0127,G5,2025-02-10,no
7666,A0127,G5,2025-02-17,si
7667,A0127,G5,2025-02-17,si
7668,A0127,G5,2025-02-24,si
7669,A0127,G5,2025-02-24,si
7670,A0127,G5,2025-03-03,si
7671,A0127,G5,2025-03-03,no
7672,A0127,G5,2025-03-10,si
7673,A0127,G5,2025-03-10,si
7674,A0127,G5,2025-03-17,si
7675,A0127,G5,2025-03-17,si
7676,A0127,G5,2025-03-24,si
7677,A0127,G5,2025-03-24,si
7678,A0127,G5,2025-03-31,si
7679,A0127,G5,2025-03-31,si
7680,A0127,G5,2025-04-07,si
7681,A0127,G5,2025-04-07,si
7682,A0127,G5,2025-04-14,si
7683,A0127,G5,2025-04-14,si
7684,A0127,G5,2025-04-21,si
7685,A0127,G5,2025-04-21,si
7686,A0127,G5,2025-04-28,no
7687,A0127,G5,2025-04-28,si
7688,A0127,G5,2025-05-05,si
7689,A0127,G5,2025-05-05,si
7690,A0127,G5,2025-05-12,si
7691,A0127,G5,2025-05-12,si
7692,A0127,G5,2025-05-19,si
7693,A0127,G5,2025-05-19,si
7694,A0127,G5,2025-05-26,si
7695,A0127,G5,2025-05-26,si
7696,A0127,G5,2025-06-02,si
7697,A0127,G5,2025-06-02,si
7698,A0127,G5,2025-06-09,no
7699,A0127,G5,2025-06-09,si
7700,A0127,G5,2025-06-16,si
7701,A0127,G5,2025-06-16,no
7702,A0127,G5,2025-06-23,si
7703,A0127,G5,2025-06-23,si
7704,A0127,G5,2025-06-30,si
7705,A0127,G5,2025-06-30,si
7706,A0127,G5,2025-07-07,si
7707,A0127,G5,2025-07-07,no
7708,A0127,G5,2025-07-14,si
7709,A0127,G5,2025-07-14,si
7710,A0127,G5,2025-07-21,si
7711,A0127,G5,2025-07-21,si
7712,A0127,G5,2025-07-28,si
7713,A0127,G5,2025-07-28,no
7714,A0127,G5,2025-08-04,si
7715,A0127,G5,2025-08-04,si
7716,A0127,G5,2025-08-11,si
7717,A0127,G5,2025-08-11,si
7718,A0128,G6,2024-06-10,si
7719,A0128,G6,2024-06-17,si
7720,A0128,G6,2024-06-24,si
7721,A0128,G6,2024-07-01,si
7722,A0128,G6,2024-07-08,si
7723,A0128,G6,2024-07-15,si
7724,A0128,G6,2024-07-22,si
7725,A0128,G6,2024-07-29,si
7726,A0128,G6,2024-08-05,si
7727,A0128,G6,2024-08-12,si
7728,A0128,G6,2024-08-19,si
7729,A0128,G6,2024-08-26,si
7730,A0128,G6,2024-09-02,no
7731,A0128,G6,2024-09-09,si
7732,A0128,G6,2024-09-16,si
7733,A0128,G6,2024-09-23,si
7734,A0128,G6,2024-09-30,si
7735,A0128,G6,2024-10-07,si
7736,A0128,G6,2024-10-14,si
7737,A0128,G6,2024-10-21,si
7738,A0128,G6,2024-10-28,si
7739,A0128,G6,2024-11-04,si
7740,A0128,G6,2024-11-11,si
7741,A0128,G6,2024-11-18,si
7742,A0128,G6,2024-11-25,si
7743,A0128,G6,2024-12-02,si
7744,A0128,G6,2024-12-09,no
7745,A0128,G6,2024-12-16,si
7746,A0128,G6,2024-12-23,no
7747,A0128,G6,2024-12-30,si
7748,A0128,G6,2025-01-06,si
7749,A0128,G6,2025-01-13,si
7750,A0128,G6,2025-01-20,no
7751,A0128,G6,2025-01-27,no
7752,A0128,G6,2025-02-03,si
7753,A0128,G6,2025-02-10,si
7754,A0128,G6,2025-02-17,si
7755,A0128,G6,2025-02-24,si
7756,A0128,G6,2025-03-03,si
7757,A0128,G6,2025-03-10,no
7758,A0128,G6,2025-03-17,no
7759,A0128,G6,2025-03-24,si
7760,A0128,G6,2025-03-31,si
7761,A0128,G6,2025-04-07,si
7762,A0128,G6,2025-04-14,no
7763,A0128,G6,2025-04-21,si
7764,A0128,G6,2025-04-28,si
7765,A0128,G6,2025-05-05,si
7766,A0128,G6,2025-05-12,no
7767,A0129,G3,2025-05-10,si
7768,A0129,G3,2025-05-17,si
7769,A0129,G3,2025-05-24,si
7770,A0129,G3,2025-05-31,si
7771,A0129,G3,2025-06-07,si
7772,A0129,G3,2025-06-14,si
7773,A0129,G3,2025-06-21,si
7774,A0129,G3,2025-06-28,si
7775,A0129,G3,2025-07-05,si
7776,A0129,G3,2025-07-12,si
7777,A0129,G3,2025-07-19,si
7778,A0129,G3,2025-07-26,si
7779,A0129,G3,2025-08-02,no
7780,A0129,G3,2025-08-09,si
7781,A0129,G3,2025-08-16,no
7782,A0130,G5,2025-04-05,si
7783,A0130,G5,2025-04-05,si
7784,A0130,G5,2025-04-12,si
7785,A0130,G5,2025-04-12,si
7786,A0130,G5,2025-04-19,si
7787,A0130,G5,2025-04-19,si
7788,A0130,G5,2025-04-26,si
7789,A0130,G5,2025-04-26,si
7790,A0130,G5,2025-05-03,si
7791,A0130,G5,2025-05-03,si
7792,A0130,G5,2025-05-10,si
7793,A0130,G5,2025-05-10,si
7794,A0130,G5,2025-05-17,si
7795,A0130,G5,2025-05-17,si
7796,A0130,G5,2025-05-24,si
7797,A0130,G5,2025-05-24,no
7798,A0130,G5,2025-05-31,si
7799,A0130,G5,2025-05-31,si
7800,A0130,G5,2025-06-07,si
7801,A0130,G5,2025-06-07,si
7802,A0130,G5,2025-06-14,si
7803,A0130,G5,2025-06-14,si
7804,A0130,G5,2025-06-21,si
7805,A0130,G5,2025-06-21,no
7806,A0130,G5,2025-06-28,no
7807,A0130,G5,2025-06-28,si
7808,A0130,G5,2025-07-05,no
7809,A0130,G5,2025-07-05,si
7810,A0130,G5,2025-07-12,si
7811,A0130,G5,2025-07-12,no
